-- MySQL dump 10.13  Distrib 5.7.23, for Win64 (x86_64)
--
-- Host: localhost    Database: my_problem
-- ------------------------------------------------------
-- Server version	5.7.23-log

/*!40101 SET @OLD_CHARACTER_SET_CLIENT=@@CHARACTER_SET_CLIENT */;
/*!40101 SET @OLD_CHARACTER_SET_RESULTS=@@CHARACTER_SET_RESULTS */;
/*!40101 SET @OLD_COLLATION_CONNECTION=@@COLLATION_CONNECTION */;
/*!40101 SET NAMES utf8 */;
/*!40103 SET @OLD_TIME_ZONE=@@TIME_ZONE */;
/*!40103 SET TIME_ZONE='+00:00' */;
/*!40014 SET @OLD_UNIQUE_CHECKS=@@UNIQUE_CHECKS, UNIQUE_CHECKS=0 */;
/*!40014 SET @OLD_FOREIGN_KEY_CHECKS=@@FOREIGN_KEY_CHECKS, FOREIGN_KEY_CHECKS=0 */;
/*!40101 SET @OLD_SQL_MODE=@@SQL_MODE, SQL_MODE='NO_AUTO_VALUE_ON_ZERO' */;
/*!40111 SET @OLD_SQL_NOTES=@@SQL_NOTES, SQL_NOTES=0 */;

--
-- Table structure for table `admin`
--

DROP TABLE IF EXISTS `admin`;
/*!40101 SET @saved_cs_client     = @@character_set_client */;
/*!40101 SET character_set_client = utf8 */;
CREATE TABLE `admin` (
  `id` int(11) NOT NULL AUTO_INCREMENT,
  `admin_name` varchar(128) NOT NULL,
  `admin_pwd` varchar(256) NOT NULL,
  `ctime` int(11) NOT NULL,
  `utime` int(11) NOT NULL,
  PRIMARY KEY (`id`),
  UNIQUE KEY `uq_admin_name` (`admin_name`),
  KEY `idx_admin_name` (`admin_name`)
) ENGINE=InnoDB AUTO_INCREMENT=3 DEFAULT CHARSET=utf8;
/*!40101 SET character_set_client = @saved_cs_client */;

--
-- Dumping data for table `admin`
--

LOCK TABLES `admin` WRITE;
/*!40000 ALTER TABLE `admin` DISABLE KEYS */;
INSERT INTO `admin` VALUES (1,'admin666','123456',1587377931,1587382852),(2,'admin01','545455',1587380050,1587380050);
/*!40000 ALTER TABLE `admin` ENABLE KEYS */;
UNLOCK TABLES;

--
-- Table structure for table `message`
--

DROP TABLE IF EXISTS `message`;
/*!40101 SET @saved_cs_client     = @@character_set_client */;
/*!40101 SET character_set_client = utf8 */;
CREATE TABLE `message` (
  `id` int(11) NOT NULL AUTO_INCREMENT,
  `problem_id` int(11) NOT NULL,
  `user_id` int(11) NOT NULL,
  `user_name` varchar(128) NOT NULL,
  `message` varchar(256) NOT NULL,
  `ctime` int(11) NOT NULL,
  `utime` int(11) NOT NULL,
  PRIMARY KEY (`id`),
  KEY `idx_problem` (`problem_id`),
  KEY `idx_ctime` (`ctime`)
) ENGINE=InnoDB AUTO_INCREMENT=45 DEFAULT CHARSET=utf8mb4;
/*!40101 SET character_set_client = @saved_cs_client */;

--
-- Dumping data for table `message`
--

LOCK TABLES `message` WRITE;
/*!40000 ALTER TABLE `message` DISABLE KEYS */;
INSERT INTO `message` VALUES (1,14,2,'user','sdddddd',1587996548,1587996548),(2,14,2,'user','sdsddd',1587996563,1587996563),(3,14,2,'user','sd5465456',1587996566,1587996566),(4,14,2,'user','sd5sdd456',1587996569,1587996569),(5,14,2,'user','sd5sddd456',1587996571,1587996571),(6,14,2,'user','sd5sdd456',1587996573,1587996573),(7,12,2,'user','sd5sdd456',1587996581,1587996581),(8,13,2,'user','sd5sdd456',1587996602,1587996602),(9,13,2,'user','sd5sdweesd456',1587996605,1587996605),(10,13,2,'user','sd5sdweesd456',1587996668,1587996668),(11,13,2,'user','sd5sdweesd456',1587996694,1587996694),(12,13,2,'user','sd5sdweesd456',1587997085,1587997085),(13,13,2,'user','sd5sdweesd456',1587997104,1587997104),(14,13,2,'user','sd5sdweesd456',1587997228,1587997228),(15,13,2,'user','sd5sdweesd456',1587997228,1587997228),(16,13,2,'user','sd5sdweesd456',1587997231,1587997231),(17,13,2,'user','sd5sdweesd456',1587997534,1587997534),(18,13,2,'user','sd5sdweesd456',1587997593,1587997593),(19,13,2,'user','sd5sdweesd456',1587997649,1587997649),(20,13,2,'user','sd5sdweesd456',1587997685,1587997685),(21,13,2,'user','sd5sdweesd456',1587997734,1587997734),(22,13,2,'user','sd5sdweesd456',1587997807,1587997807),(23,13,2,'user','sd5sdweesd456',1587997844,1587997844),(24,13,2,'user','sd5sdweesd456',1587997874,1587997874),(25,13,2,'user','sd5sdweesd456',1587997874,1587997874),(26,13,2,'user','sd5sdweesd456',1587997946,1587997946),(27,13,2,'user','sd5sdweesd456',1587997959,1587997959),(28,13,2,'user','sd5sdweesd456',1587998106,1587998106),(29,13,2,'user','sd5sdweesd456',1587998142,1587998142),(30,13,2,'user','sd5sdweesd456',1587998228,1587998228),(31,13,2,'user','sd5sdweesd456',1587998596,1587998596),(32,13,2,'user','sd5sdweesd456',1587998883,1587998883),(33,13,2,'user','sd5sdweesd456',1587999066,1587999066),(34,13,2,'user','sd5sdweesd456',1587999255,1587999255),(35,19,3,'user01','wee',1588498842,1588498842),(36,19,3,'user01','weee',1588498958,1588498958),(37,19,3,'user01','5555',1589285204,1589285204),(38,19,3,'user01','5555',1589285373,1589285373),(39,19,7,'user03','wee',1589288030,1589288030),(40,19,7,'user03','errr',1589289914,1589289914),(41,16,7,'user03','5666',1589891369,1589891369),(42,16,7,'user03','sdd',1589891696,1589891696),(43,16,7,'user03','hello',1589891773,1589891773),(44,16,7,'user03','weee',1589891815,1589891815);
/*!40000 ALTER TABLE `message` ENABLE KEYS */;
UNLOCK TABLES;

--
-- Table structure for table `problem`
--

DROP TABLE IF EXISTS `problem`;
/*!40101 SET @saved_cs_client     = @@character_set_client */;
/*!40101 SET character_set_client = utf8 */;
CREATE TABLE `problem` (
  `id` int(11) NOT NULL AUTO_INCREMENT,
  `title` varchar(64) NOT NULL,
  `content` mediumtext NOT NULL,
  `views` int(11) NOT NULL,
  `love` int(11) NOT NULL,
  `good` int(11) NOT NULL,
  `tags` varchar(128) NOT NULL,
  `ctime` int(11) NOT NULL,
  `utime` int(11) NOT NULL,
  PRIMARY KEY (`id`),
  KEY `idx_views` (`views`),
  KEY `idx_love` (`love`),
  KEY `idx_good` (`good`)
) ENGINE=InnoDB AUTO_INCREMENT=20 DEFAULT CHARSET=utf8mb4;
/*!40101 SET character_set_client = @saved_cs_client */;

--
-- Dumping data for table `problem`
--

LOCK TABLES `problem` WRITE;
/*!40000 ALTER TABLE `problem` DISABLE KEYS */;
INSERT INTO `problem` VALUES (4,'css盒模型 ','jsidsddddddddddddddddddddddddddd',0,1,0,'css',1587472339,1587473266),(5,'jjjjssss','sdsdsdd',3,4,8,'jssss',1587473485,1587473485),(12,'weeee','<div>默认值weeeee<img src=\"http://img.t.sinajs.cn/t4/appstyle/expression/ext/normal/40/pcmoren_tian_org.png\" alt=\"[舔屏]\" data-w-e=\"1\"></div>',0,0,0,'weee',1587989165,1587989165),(13,'weeee','<div>默认值weeeee<img src=\"http://img.t.sinajs.cn/t4/appstyle/expression/ext/normal/40/pcmoren_tian_org.png\" alt=\"[舔屏]\" data-w-e=\"1\"></div>',1,0,-1,'weee',1587989206,1587989206),(14,'wee','<div>默认值weeee<img src=\"http://img.t.sinajs.cn/t4/appstyle/expression/ext/normal/3c/pcmoren_wu_org.png\" alt=\"[污]\" data-w-e=\"1\"><img src=\"http://img.t.sinajs.cn/t4/appstyle/expression/ext/normal/3c/pcmoren_wu_org.png\" alt=\"[污]\" data-w-e=\"1\"><img src=\"http://img.t.sinajs.cn/t4/appstyle/expression/ext/normal/3c/pcmoren_wu_org.png\" alt=\"[污]\" data-w-e=\"1\"><img src=\"http://img.t.sinajs.cn/t4/appstyle/expression/ext/normal/3c/pcmoren_wu_org.png\" alt=\"[污]\" data-w-e=\"1\"></div>',2,0,0,'wee',1587990956,1587990956),(15,'wee','<div>默认值weeee<img src=\"http://img.t.sinajs.cn/t4/appstyle/expression/ext/normal/3c/pcmoren_wu_org.png\" alt=\"[污]\" data-w-e=\"1\"><img src=\"http://img.t.sinajs.cn/t4/appstyle/expression/ext/normal/3c/pcmoren_wu_org.png\" alt=\"[污]\" data-w-e=\"1\"><img src=\"http://img.t.sinajs.cn/t4/appstyle/expression/ext/normal/3c/pcmoren_wu_org.png\" alt=\"[污]\" data-w-e=\"1\"><img src=\"http://img.t.sinajs.cn/t4/appstyle/expression/ext/normal/3c/pcmoren_wu_org.png\" alt=\"[污]\" data-w-e=\"1\"><img src=\"data:image/jpeg;base64,/9j/4AAQSkZJRgABAQEAAQABAAD/2wBDAAYEBQYFBAYGBQYHBwYIChAKCgkJChQODwwQFxQYGBcUFhYaHSUfGhsjHBYWICwgIyYnKSopGR8tMC0oMCUoKSj/2wBDAQcHBwoIChMKChMoGhYaKCgoKCgoKCgoKCgoKCgoKCgoKCgoKCgoKCgoKCgoKCgoKCgoKCgoKCgoKCgoKCgoKCj/wAARCAIwAkQDASIAAhEBAxEB/8QAHwAAAQUBAQEBAQEAAAAAAAAAAAECAwQFBgcICQoL/8QAtRAAAgEDAwIEAwUFBAQAAAF9AQIDAAQRBRIhMUEGE1FhByJxFDKBkaEII0KxwRVS0fAkM2JyggkKFhcYGRolJicoKSo0NTY3ODk6Q0RFRkdISUpTVFVWV1hZWmNkZWZnaGlqc3R1dnd4eXqDhIWGh4iJipKTlJWWl5iZmqKjpKWmp6ipqrKztLW2t7i5usLDxMXGx8jJytLT1NXW19jZ2uHi4+Tl5ufo6erx8vP09fb3+Pn6/8QAHwEAAwEBAQEBAQEBAQAAAAAAAAECAwQFBgcICQoL/8QAtREAAgECBAQDBAcFBAQAAQJ3AAECAxEEBSExBhJBUQdhcRMiMoEIFEKRobHBCSMzUvAVYnLRChYkNOEl8RcYGRomJygpKjU2Nzg5OkNERUZHSElKU1RVVldYWVpjZGVmZ2hpanN0dXZ3eHl6goOEhYaHiImKkpOUlZaXmJmaoqOkpaanqKmqsrO0tba3uLm6wsPExcbHyMnK0tPU1dbX2Nna4uPk5ebn6Onq8vP09fb3+Pn6/9oADAMBAAIRAxEAPwD6hoooqTmCiiigAooooAKKKKACiiigAooooAKKKKACiiigAooooAKKKKACiiigAooooAKKKKACiim8N3oGkOopExzjgYpuDjIIxQOw+gU3zFC4OB9KjaWNQSXApNj5GSL1p2KpPf26Y+dfwNN/tW26eYufqKltdSvZy6Iv0celUDqduR/rF/MUf2nbcfvF/MUrofs59i/x6UcelUTqVvjiRfzpP7Rtiud4x9aLxDkn/KX6Kpx30D/cYH8alW5U8DBNUmuhLhLqieimhsjPFO6imRZhRTd2B0pw6UXuFgFFIx+lC9KYrCiiiigAooooAKKKKACiiigAooooAKKKKACiiigAooooAKKKKACiiigAooooAKKKKACiiigAooooAKKKKACiiigAooooAKKKKACiiigAooooAKKKKACiiigAooooAKKKKACiikJHrSYBn5sUHg1GZVR+vTrVS61K3tdzTzRouOSxxipbNFBsv5IppkA6kfnXnWv/ABN0jTn8mB5LycnCpbqXJP1HSsJ/EnjTXWUaNpRtIWJHm3R5A9cVNzVUb7ux65LdxRAs7qo9Sa57WPGOk6YC91fwRoO2/Jrh4vh9rusOr+IvEN06jkxw/KPpXQ6P8MtB09tz2aXLk53znef1NDZfs6S3Zm3XxVs2LDTLW6vveCIsPzqgnjPxfqAJ07wzJEvrcPj9K9OtNKsrWMJBbxxAf3Bj+lXVjUEAA4/ClqwdWEdkeTAfES/5kn0+0TtsUkinxeDfE92Q194mmG7qsaYAr1lo0PLKMflSLEuflWhRYniE+h5h/wAK2dmYXGsahJv64lxk1Knws09hmW91Fm/6+DXpTooBPemgrinyi+sSR5v/AMKr0zbj7RqP43DUh+FOmYO651DH/Xw1elgjrk05mUjHNVyh9ZkeYn4VaYR/x86kMely1O/4VfZIB5d9qSgf9NzXpe4AUDBU5qHC4/rUzyqT4dahCWaw16+hHYFt1RDw342sGzaa6k4H8M0WcmvXFAYCkKDqaXJZj+sy6nkVzffEPT1Ly2lldKv8MGVLVHH8StdsgF1Xw1fxHv5SGQV66wXutRtDFIc7BnvTs+hLrxk7NHCaf8T9BuZo4J7r7LOw+5MhXn8a6+w1mzvAGgureT/dcVV1LwvpWoqRdWNu5PcoP51xGr/C2xdjLplxdWUwOVELkKKTbRXLRltueoGeMkfMp/GpQw7GvGJ9F8b6Jg6ZfDUIh/BOOR7Zq3bfEq9011j8QaPdWzL96VBvXPr9KSk2wlQX2WevdaUHFcrofjPRtZVHtL2FnPVS2GH4V0Uc0cj/ACyDnoM1omYOnJFjOaKRSD0INLV3M2mFFFLTEJRRRQAUUUUAFFFFABRRRQAUUUUAFFFFABRRRQAUUUUAFFFFABRRRQAUUUUAFFFFABRRRQAUUUUAFFFFABRRRQAUUUUAFFFFABRRQeOtABR3opCw9aAHcc0mRnrTHkVcZYAVzXiTxhpWhKxurlEccgA5Y+wFS3Y1jBz2OlldVGSwHFc3r/i7StFhZ727ROxXIzmvOLjX/F3i24C6HYy2FgxOLmdfmI9QK3NE+GNlFOlzq7SX90TuZpmJGfpUN3OiNKEVruY9z451zxDK9v4S0yR42wPtF0Nqj3Ap+n/DXVdalM/ivWbqfJybeFtiY/CvVLHTobTCQxqijsAK0VCgnGAaVrkuqo6I5nQ/COl6TGqQWkKlRwdoJ/Ot6K2jQHCrirOPTNAGBT5TKVST3ZEsYAwKNp/vVLjHajHtTsQ5Eew+poAweM1LSbRnrRYLjVA5yeKVABnGaXaPWhBg80wFUYBBGaZs9hUuRjrTcD1FVYTGBPYUbF9BT8CjFJp9BEZQY4FJ90DI5qXFNddxHpTSDzEjzgnFOI46Uo6UUWG2MZcgUBQO1PNIeBUuIkIVBHQ1EU56VIzHilAyTSsO+owxoRyoNVbywguEKvFGQ3BVgDmr2KCOlFilNp3PNfEHwz0u/YyQI9rcfwvA2wj8q5l9P8b+E3D2l1/atqOqy8OB6e9e2S9fqaikRX+UgGpdzaNe+kjzfQPifA7CDXIJrC54B81cDPsa9CsdStbuMSW8yOp6FTmsjWvDGn6vCUvLaKQc4+XGPxrz298E654dfz/CN5IIwxJt5j8pFTrc0UKc9mezKwYZBz9KcD715BofxGlsLmOy8UWkthLkAyMPkPuDXp9le2l3AJba4SVCM7kbIx+FWmYTpOJoiimI2QMdKfWidzGwUUZozTEFFFFABRRRQAUUUUAFFFFABRRRQAUUUUAFFFFABRRRQAUUUUAFFFFABRRRQAUUUUAFFFFABRRRQAUUUUAFFFFIBG7U05xzTicVXurgQxl3IAFO5UY8zsTF+RWP4i12x0aAzXs6QxDksxrj/F3xItrK4Nlo8Zv9QY7Vjg+bH1IrIsfAmo+JbtL7xbcmSLO5bIcKvfmpbOmNJR1kVtQ8a6x4svJbPwjayx2xOPtsoIUD1Wtrw58NLWK5XUdVkkvtQPWSY5/TtXeaZpVrYQJFbQpEijACjArR2bW46egqWipVope4rFS2tUtY1jiUBRU4HzjNS980u0HmmkcsnJu9xQOaMYpwwKKaiISiiiqJCiiigAooooAKKKKACiiigAooooAKKKKACiiigApG6YpaO4pMERnninIMZpWXJ4pQMUJFMKO9FFMQxxTVXHWpCMmjaM1DiO4wJzxSFcn5uTUmMUuKVhqVtjnvEHhrT9ct2t7+3SWNuSGGa82n8E634PujP4Vumkts7jaSH5fwr2g/ezUUnzHkZxS5TWFVxfvannPhL4iWt7cnT9RRrHUl6wynGfceteh290lxCGRgwPcd65bxX4I0zxFAy3ECib7yyoNrqfZutefW8+vfDu5VbwyalpIOFccvEPX3FCdjb2cKiume4BhnrT92TxXOeGfFGneIbCO60+cOD94dwfcV0Ctn5gwxVcxzOm0SA5opE6UuRVJmYUUZozRcQUUUUwCiiigAooooAKKKKACiiigAooooAKKKKACiiigAooooAKKKKACiiigAooooAKDQTjrTWIx1oAdxSN6kGkU9Tnmub8Y+KLXw/p7T3MqjHRc8knpipb0NIQ5tjR1bWrTTYGlupliRRyzHAFeU6p4p1rxteTaf4YJhsM7HvW4477R3qlpmm638Q7/7brySWOjZzHa8hpPc165oWiWukWyQWcSxwooCqKlHZeFJeZz/AII8B6d4fhDrEJLs8tLJyxPc5rtUiAHH508Lls+9Lkgkc4FNo5Z1HN3GgdjUm3HehRuGTzSmlZpECBQR1p30pFOBmiqiEtgoooqiAooooAKKKKACiiigAooooAKKKKACiiigAooooAKKKKACiiigAooooAKKKKACiiigAooooAQ9ab3Ip+KMCpsyroiKnI9arXlhBdRmOWNWUgg571e70m0YpWGptbHjviPwJf6NdSar4QfyJgd726thJAOvHatfwX8Q7a/nGn6nHJY6mn3oZf4j32n0r0ho9wOR2IrgvGfgax1pDcIot9QjB8qdOCD71LR0QmpaM7iNvMQMp+U88VJF05NePeEfGWoeHNSGieLU8rHyw3mflf6161bSLPEJIiHUjOQaZFSnyq6LdItIh4NOX7uaEYi0UUVoSFFFFABRRRQAUUUUAFFFFABRRRQAUUUUAFFFFABRRRQAUUUUAFFFFABQaKD0oAa2CPWmyIdoxgetG9cHPHFcP8RfHVv4ctEihzNqEx2xQqMlj71LehpCHNoTeOvGdn4ZgCMfMu5OIoVPLMegrjvC/hTUPEusJrvi9TkDMVrnAX0NWvBnhC4v9SGueJ/9Iu5TujRxkRj/ABFepxokcaqowBxUXOqTjTjZbjILaKEJHEuEQYA7VaVcEmmIRu6VN9KqJxuTkrsQLkilZST1GKUcUuaoFYFG0YpH60uaaxzUy2HcT+H8aWk/h/Glpx2CWyCiiiqICiiigAooooAKKKKACiiigAooooAKKKKACignFIWApNjQtFNRs5p2aLiCijtRTAKKKKACiiigAooooAKKKKACiiigAooooATpmmMqsMEVJgHrRipsUvU5nxT4W07xBYSQXUCSEKQrEcq3rmvM9H1bVvh9fpputtJcaS77YLluSn+y3+Ne3MnJPasjxDoVnrdhJbXcasrDv6+tLlOmlWVrSLOmX0V/As0DqysMg561eiOVI9K8LtbnVvhtqZt7oyXegSvhJCMmA/X0r2LRdSg1GzjntmDI67wfUVOwVaS+KOxrDkZopiNkU+tE0crQUUUUxBRRRQAUUUUAFFFFABRRRQAUUUUAFFFFABRRRQAUUUUAFFFFABTXyRxSlhz2rmPG3ie18P6RNPNJ8wG1QvVm9BUtlxg5aIz/AB94xt/D2mnaBLdSHZFEvVz9K5vwN4Qu7q+fXfEJ828nO5I2GRGO2KreB/DN3rmpL4n8QLunk5ghbkRr2OPWvXoo1jhRFGABUs65SVOPLHcYECxooGNoxmlAyeKcwOOMkCnhRwCKk5JNy1YRg5OaeBihRgUtaJEBRRRVAFBooPSplsNCfw/jS0n8P40tEdipbIKKKKogKKKKQWCiiigAoopAeCaYWFooBoJxSCwUZpCeKTIHWpcrDsOzRmozKg/iX86PNj/vr+dLnCw881DeyCK1lkBGVUmpDImPvKfxrmfG9y8Giv5L7Wc7Sfak5GkINuxzHg34l2ut61dadMv2d4mIV24D84r0lZVaNXLgKRwfWvnVbjSYr9bPeqzKfmk24IYnjmuoufGV/beG7i2sUM+pQYjQn07E1POkzqlhXFXPaA2B796UGuS+HOpXOp+F7S4vmJuGHznHfNdT+IraLTRxyjZklFIMDtS07kMKKKKACiiigAooooAKKKKACiiigAooooAQgk9eKRT7DNOppX0oGmZus6Xa6taywXESujjBBFeQwvffDbWktpmkl0O4f93IxJ8k/wB36V7a3OM81keJtFttb02a1uogySDByOn0qGjppVbK0i7pV3DeWsckEqurAEEHrV6vD/D2oXfgDWxpGpO7aVM3+izN/Cf7ufSvZbSdJ4UkjcEMAevWpJrQtqti3S0wMc0/tVRZhYKKKKsQUUUUAFFFFABRRRQAUUUUAFFFFABRRRQAUUUHpSAKQnik71BdXKQpuc8CpuUo32KOvanBptjcXM7BY4lJYk9q8m8PaddePtbOuamWGlQt/osA4DEfxEU7xRcz+O/FDaNYv/xK7RybiVMgOQfu/wCNeq6Lp0Gl6dDbWw2RRqFVaR2u1Kncu2cXlQBEAAHHSrJBKjHamJ8oznIqTccelByNuWoAdKQdafjI60m3Hel5EsUUUUVoiQooopgFB6UUGpkNAoyMUUA4ooiNvQKKKTPWm2JIrXF5DC6LLIqMx4BPJ+lSiUbcn07V5H8W4Li48T6IbK9a2niJk4zgjODmorTxDqNhcxyLeC7hA2yI3LqPUe1ZORvGi5K6PYwwOacGrH0nVre+sUuUcbHXJJ6VPFq1lJcSW8d1C08fLIG5H4U1NEOm07GjnjPamSyIisS2NvWuP8SfEHStF3xhxc3Q/wCWcZ+6fevJPE3xM1G88xZ7pYbZvlNvF97H+9Q5DVNs9u1bxbpOjwl7+6iQDoAwJNctefFnRFiP2UTyydlCda+cb3XGaaQxW8R54kkfe1VH1q9b+KIY4yFqHUOlYZPU96vPihqs6sthpUAUnhpZMH9Kx7z4i64Bm5u7ezH92MZP4E14sdWvWb/W4A44qCeaW4H7+R3xyMnpWcpNl+xSO11/4ja1cForPU5sDqd2M1zZ8Ta8f+Yzeepw9ZRRdnQUu3KAZqLsapRNmPxX4giKt/bd5gerk1qz/EfxC9mIJL4Txgg7ZFJzXJbAF9xUboHGKrmLVNJ3RuWXiKF79JdVhdS7bneMkgj+leh6XrNtdRmOykj3T/Mdx+ZEHT8a8hKDG0AACn2Uj2M4ngJSUHqp/wA8UupvKXu2PqHwDrVzFbfZPJeaOIfJIFxuzXZNqd9FseWwZYcZyvJFeO/Dn4uwLHHaa5DGuAFEi4+Uepr2u01KzvrdHtbiKSNxkbGzxW6keXUV5aFqyv4ruINGSexHoateYBXL3Nwun6hFNCoWBzhyvQmuiR1lQMpBBqlIy5GWaKatOJxWl0Q0FFFFMQUUUUAFFFFABRRRQAUUUUAFFFFADdvvTQCVORUlNPApMaZy3jjwxbeJdFmtZ05xvRl+8pHTFcZ8Pdfu9F1E+GtekzcQjMMp6PH2APc16yy5HFef/EbwgusQC+tRs1K0y8MgOD9PofSoZ10p8y5Wd+jbwpHQ1LnArz/4aeK11rSdlyPKvrZvLnjfgg9q7vcWAIpIxqU+WRKCT24paame5p1amLCiiigAooooAKKKKACiiigAooooAKKKKACg9KKaxwvNJsBHO0E9gK8z+K/iWe2Fto2l5bUb5jEu3+BT/EfTg11/izXE0TRJbyVgqICAc8k+1ecfCfTLnW9RuvFGsgGa4yIlkB+Rc9qzOylHkXMztfh34Wi0HRIkLBpyCZW/vP3Nddtz1piYxtAwAMcVJjpVLYyqvm1YYAIA6UMADmnbaWnYyuJGOM049qM80E5osDasJRRRVEhRRRQAUGiikwEoHJxRnkVDdTxwRNJKwRVBJZugFTsVYlPXmqN9era8spYcjC8nNeTeJPjRHHqy6Z4dtWvZ2fyw+flDZHFeh6Xb30zR3GqShpwuVRVxjPY0m0VaxyXj7Tr/AFK6tr/TrcuQrRlOjAdc147aW2p2fiFIrgTRy7j8rAngnkZr6guGCKWxwATWALG31NTLcWytuON2MEfSsZHfSrci2PJr3xANPlfTri4lhtoSCqKcZrBl1c6deXeoWc7W8U42l5Dl2+ntV34w6XH4d1+C9IaW3kQ+WCM/N715dc301/IJJ25xhQTx9AKlmvPGWpo6nrUl5NJ5GYQR8x/iY+uayEQgsSxJPUmlUk53daeuSDwKTbE9Og3kAgcA+gqLaefmNSkgUEYxjvStcSbGIuF6ClAyCRUkS7gQeKeqbeO1Ow7jYk4wR1pxQBTgVKq5FLsosFiFVDfeoKDjAqZ42wDwDQoOAOMmjYrUrlck8YxTXQkYFXRbszlV5PpT7O18y8aCU7ZAPunvQNmWqxqw+fbIOmB3rt/AvjO/8O3SBWMkJ4bsD/8AXrPk0N2/dCL5T94jjFUtY0O9tbcTQN5oToo9KepHIj6V07xFY69os8lvjKqNynqGxWjE11Y2kMsLs6bQWU9cV8reFPEk+i6grmR8L1iJ+6Pevpfw74ltdd0A3MDYYJ8657gfypc1mTKmpaI7exuvtFvFKM/MoODV0tkCvMvBnjq0vJv7NmVopkzsdjw4BxXpCNkKf51tCXMcdWk4bosL065paYrEdutSVsc7QlFFFMQUUUUAFFFFABRRRQAUUUUAFIRkUtFIBp46CoZolliKsMk1YxSFetJLuUpW2PFvHWnXHhTXofEukq7xK2y7jJyCD/Fj1Fep6DqkOrafDdQOrrIgbK/4VNqunxX+nyW9yqmN1K4I4wa8j8EXU/grxTP4cuziylkMtq7E+vIyf5VNjr/iRt1Pa16+lOyPWq0Mm/nqfrU69aaZzSjbcdRRRVmYUUUUAFFFFABRRRQAUUUUAFFFJnsOtACk4qCWTEROOlSt6ngVxXxH8S/8I/4euJYiDdufKiT1ZulQ2bU4czOK8XSSeM/GNvoFtKX0+zfzLlh0yCCFr1rS7K3sLJIbeJVRcgAdK4b4SeH5dN0ZbzUVDaldMZpWx0J7V6RgAA47VKNKs/sojHXNTDlefWmEU4Ehaa0MG9B1FFFWiQooopiCiiigAooooAKRj0paQ9aTBEcjhFDE45xXzj8b/iVPdyTaDokxSBeLmReST/dBr2H4oeI4vDHhG8vHJEjKY48f3j0r5v8AhJocfiPxon21fMRS084PIZs8VEnobxjdEXww8G63Jr1hqP8AZci2iziRpJDgFQODX08l9PPxbz2ylBjy2ILD8aLi3iWWOxtz5UKrux2x6VDcaXaSsP3IU4xuU4J+tYuRooXGyahcSyx2lzAY5JDwQeCPataCJI4wvYDFcVdfaNL1C3leYyxKTtzyVz2rqNPu/PgDE/eGaz50beyaOS+JHhqDxHpxtbmV0ELLIrjqvNZ3/CnvDzaUfIeZLho8LNnJLHua7HVB5s4UcrIu3k1tWYItIFb+4Acd6ad9iZNxPkXVPDt/p+pXlncwMr277MkcN6EH0rKe2ki3u0bFB3VTX0r8XtLt49DOqRRBriBgjkn70Z4P4V5VAsE0WCF2NimzWlLmep5/bW7XHABCjk5GKjiQyuSnzbQeBXfautvZaJO0SqrN8u6ua8GQJLesXAIUHihG7SuZSxPuxsYZ9qnEICZOfyrrNX0yJLKWWPcCRwPc1STR2KAFDjA60C5TACdMAmpBGT/DW2ukNj7p/Cp4dILZGMkUxtGB5R4Ug1JBZm4nS32HeTxxxXUxaJbrhpiBjsTT7i1jQh7d0BQZHNJ7iKOkWkcDPHOh+0LyBjOV9ay/GWnyR/Z762DDDfeHB64FdJcsWtY7+ILuhBLgHqO4p7x22oaWyTtGsciAgu2MHr+dILFPw9qSXtlHyVmX5ZAe5HetllT0GfWvNrSdtHvnWJlkTdgkHIxmuz1fUpE0uO8ssOCMED1pjsUvEvheG+gM1qqw3a8hlH3/AGrF0DW9Q0a4ksmdoJnQox7EYPFUbjxFqNy+HcxgcqB2rQR4tatvs1ywS+BzC/dzUSCEuSaYtte3UN75sTELCwPBwR3r6i+H2t/25oFrOWzJtAfnkGvleAS+c0M0eyVTgnpuA4Br3/4Gq8Oj3Jl4VpSqkjA4qqDfNY6sx5KtJSierLz1qY9ai6Nj0qVutdtj5x6ISiiigkKKKKACiiigAooooAKKKKACiiigAoPSiigBsoyK8++Kvh06noTXVlhNRtj5sMncY7fjXoOc8VBdxrcQNG4yCMVLRtTnyu5xfwr8Sf8ACQeH7d5vlu0BSZD1VgcEV3SnGfXNeJXLy+BPHomRCul6g4RgOgkr2e1kEsW4Ec81CZpVj9os0UgPrS8djmtEzmCiiimIKKKKACiiigAoooPSgApg4OadngUwkk4I4pN2HsE8ipG7McAV4hfZ8cfE1Iky2l6aCGHZ5O2a734k62NF8OXc+8iQrsjA6lj0xVD4R6MdN8PJNOCbq6YzyMwwcntUN3OyEeSHOjt7WEQwqiAYA4q4o+UA1Gh5zgVKORRFHNOTerFPSkx60uKKuxncKKKKYBRRRQAUUUUAFFFITzSbsAtI3ehiR0FN3E9RSew0jwH9omS+1TWND0KzHmmYlzGOn1qb4QeEbvwlqdzdayY4/PjCxqOSSDyK2dRhkl+Ols3kCSCCy5JydpNd3f26zalaOVXMSF14yM5rKR0R2MOa4uH1x7oQbRFEwAJ4PHGac2oOnlySzIYJON/oatCORGvUIzNIS4B7iuW1O5it4riFGVwE8wAL931Fc1R2R1wjcTV9UudVmktdKUskJ+aRejewrHe51XTb55A7EnBZeoxWj4YniGnv5jpwSxOdp+tZniDVTd3wighIRBgMvAavKlUmpnVynU2utTXtkb1YgVVMDB710eh3s0iwrOhVmTIU+lcl4dtksrCOWRjmQDbA3Gfeu40uFwvmTgCUngDoBXq0m7XRz14oxfiloF74i8Ly2enyhGZgzg/xAHO2vnBpbrTLuWG8iMcsZw8be1fXrHMbk9FHNfKPxVvobnxfqUtk+5FYKXxkbh2rR36mWGTlPlMzxFe79Jt3J27ySF6jNT+Aot9rcXDMvzHAFYqPA1tbzSq5HIKk9T6j2qnHcT2EjRW1yVQjzBj37UrnsVcJyLmO+1d8aWNx6uoH51rRBdvBHT+VeYQNf6kLmD7WwEMZlyfbnFV49S1Azopu3wQQfei5yWPS9QvUtFA6575rEutZLhTCSpHp3rno7iSRT5kjsV9TUmcqDT3Ey/cajJKQTIc+lQ/bX7scVU4xRtFNi5TX8MXYa/ntXy+9dyjqKxdasZrK7lZmkeAkgAN90fSoLS6ez1+0lQ7QhGfcV6Tp+kJ4h1OSykQETQFwRkc1NwSPLppVx8gO3sa6DwjfKGexnO6OQfLmsbXdJutD1JrW7iKYJCkjhhVba6IksDlJEOQfcUDLWs262t5PEFKYY4z6UtjbvLAwJCyRnMcg6getX9Ymjv4La/A++myT61FYzC0njfYrLnBVj1FSyOpqWjpqm37RxdQDCD++BXoU2sap4TsND1DRR9s0m4lWOaE9Y2JAJrzXV7VtN1GO9hb9zJ86FuAp9K9G8C6lb6jNaWN1L/ossivjsHBq6WjuTVu1Y+hLOUzQRSEYLKDj681byT1qvGF+XaNq44A7VNu5rq5jy5DqKKKozCiiigAooooAKKKKACiiigAooooAKKKKAEI4qM9O1S0hUUDTOM+IuhJrXh+aMZEqKXjI7N2NZnwp119S0YW9y3+mWZ8iZT6jvXfXcayRFCOteM6sT4O+J1tdLlbHVwEmJ4AcHrWXU7KbU4tHtiDPJNPxg8VWtZQ8KsnIIqwpyM1SZzSVhaKKKszCiiigAooooAKKKKAExxTHIRSW4+lP6VkeI9STTdMnuJOEjjLk56YqGaU48zseVeM7g+KvH2m6PbFmtbQ+fcDHG7PANewWNsLeFU2hcDGPpXmHwc0/7TJqPiC5DGbUJmdAf4UHQV6woJ289uak6K0rLkECZPHFSAYpG6Uq9KpHK3cWiiirJCiiigAooooAKKKKACkPWlo70mrgI33aYwJ6c8U9/uj601+Bmh7F9Dxr4kavN4Q8b6ZrJB+xXIEFyx7AdK9D+1xXsUF7p8kc0TIMHd1zzXlfxw8eaTaSzaFeWEl3PImR6J6GvH/DvxL1vwvaPa2BV7UncqSc7PYVzVJW0PUw+AnWhzRR9J+JtVurVhO1iygZIdHBx9axpUSWX7R9qtkDYYLgncf8K838IfF/Udd8Q2WlX1lBItwShbHTivYJPDkLIuJXXad2z+8P7v0rnky5U3R91oxXgF2zW1lBDL8nzyJyB+NVLTRLuG9dWijl2c7l+6PY12zTWGnWbA+TaqgyckL/APrryD4h/FO00q0fT/D0kU1xNkF+yZ4/Os3RT1F7Q2tb8baBpiTxX063F7EpHlxt/F2UVxXhP4y6ppl6/wDaERvbOQkxxKwDp7e9eQNBLdTmWRQJCSS3fNTi2WO6hDAkqc/jW8Vyik+Y+gPFXxrgvNJe20qznhnkXDO7fc/xrxSV5LlpjuOZeTg9SeppjQK2D94+9SwJ++RRxkjrVsKUfZy5kaOqj+zntUkVZh5WQcfdOK5xw5YA8MWJ/wDrV1Pi1f8AiYIBwojAxXOOMSx9cDJPvUNndPEOpGzO2+GunvfT6qWXIEJj/Mf/AFq43ULeSzvhG6kFZGT9a93+EmmwaXoIuLx1Tzx5p3jB+lefePLRT4qu2tImlt5X3oxXaOeuBSuc+xzltDL5LHbxk1L5UpUYU49K3NH027uoi3lbU3kA9z7mtsaLJn7nNXcTOMjtJnxkEVP/AGfO2FAP1rtYNHkJVtrY9hWgNIYNkK2fei4Hl13puydWfO7y+D713PhXxNa6TqUVzIszGK3COApJNXb3w7K9lcXDISC6xxkehzmvTPCnhO1stNtybdHlKhizjJBpE8yRw/imTRvHOnKohvoblF+V/s5ryHV9HvNIvPs94+5EOFcDG8Hpn3r67jsmjJKRqvuBWdrHhmz1WIx31qjgjGQoBoE5o+R4zJCj27jAV8gZyDVhN0+QB82QRXdfGHwNb+GZLW60xmETsQysc1xGiuk2455U4oDmVzq4I4tX8PmC7z8vTnow6Vg+GryXTr8JISk0b9zxweK29IbaXhXo3UmsvxDpsv8AbkUkK5LEZ460RvcG0z608IatHrGhWl0p+YoA/sa3B9/FeJfAXV3+33emyvlMbo8n8xXt5AD8V0RPMnGzsPFFOAFBAxWqMnEbRS0lMkKKKKACiiigAooooAKKKKACiiigAoPSiigCNzhQeM1wnxY0H+1/DExRcz2482I+jDnrXfFciqd/FvtWTqpHSs2jejK0jlPhZrh1nwxbzSjbKi+W4znkV2yNxya8b8EuPDHxB1LQ5GxBdnz4c9OnIFexRKCqnOeBREqutbokooApSKtHPuJRRRTEFFFFABSE8UtBFIBueea8r+NmpM9naaPbMTc386xgL/dzzXqUnCMevFeNpKPEXxcZJEEkGlJ1PZzUNnVQWjfY9M8OaaunadbQpgKkapx34raU8H2pkKBY1wMADpUiAAfWhIylLmd2IfumlXoKeACvIoIGKpKxDWg2iiiqJCiiigAooooAKKKKACjvRRQAMMjimPnaQakprdaT2KufM/7S+iSQ6hbarDHmNj5cjfy/CvFlhEka7yp9lGSTX3D4v8N2fiXSp7K+QNG4/EfSvEvGHhrw98PdHA0uzE+qXDFVLHJTjrj0rjxCtqfSZZmDhFUzwGxvbjSNVhvLH91cwtuQkc59DXoY+OXiCOyMHlwifGA4Xp74ri7q3xM9xdEmRjk8YrPtLVbi/laNN0ajPTjNc8Xc9XMacXDnNXWPFWv+IIs3+oSzLn/VqNq/iKzoLSTeskyg+laUcPlghE4A44pYba8uGbbGI4/7xrZanzvIkRKAiHON3ZR1pqwt9sid/wCMdPStS301bRfPmfzHHGfSqbo328F8YPINMdi35eF+anWaf6VGT2NFwNse7tmn2oxOnI4IzmqYFzxcf9PQZHMYp/gDw1deJdbFuo2wK2Xc9Bir8mg3XiPxFDBaA7FVd5Hp619B+BvCtloFk0Fsi72wXcjknHrUNXFKViLSvDFpbIglUzbAFAY5AxWZ4t8Iw30HnW0YE0KnywD+tehJbKoOOnXFKLZWU8Y4o5TP2x4lplkViadBtBfbNCB9xsfeH1rp4dJDwhuAp711DeG4luJLu0YCQnaVI+VhVoeH7aaPaTIqNyyA8Zp2F7Y5H7JbRKF8xPYDkk1fsNHNwysUKqDnmuqstFs7RFEUScdzya0EjUfdUD6CnYl1+xiSeHoZBaBgBHAS209GrZEQVRjGP5VJtwOelYfizWrbSLDzrq5W3Vm+96fhRYzu5M1yOOcn6U1mVeWbAHXNeLav8XtOs5gkct5dkHgxgIrfjW1N4j8QeJfCJu9G04xiQbg8jjeVHXaB3oZTpyIPj9CLjwglyjAiOTIOOor500TMd6oZsKz4I+tez+MPF1jrvgPUdPS2uYbq3iGUmHIbIz9K8SiZoZGUt/pETCTHoO1Tc3jCy1O5WNoZonR1IAA6VuPbede2E4Tc6SrkE9QSAaxoJTcWkUmPvKGrfinEIhkI5TDA/SqS1G/I2dBgPhj4vRWu3y7Z5MIvYq3Ofwr6G6tkdK8H+J4M9p4d8QQKRKjosjL3GQOa9s0mZp7KJz3Ax+VbQdzzpu7NJT2oByKRRge9OAx0rUgaetJSnrSVRm9wooooAKKKKACiiigAooooAKKKKACiiigANMdd3XpT6CMik0NPXQ8d+Mtm+lXmm+IbYhHs5gsjDn5G4xXp2g3gvNKgmByHUOPoay/H+lR6x4bvbSVdwkjPbPI6Vz3wc1Rrrw1FbXDf6RaM0EinqCpqVodT9+nc9JHQU5u1MU8cdPel5qrnNsgooopkhRRRQAUUnagNnqKm40rmdrl0tnYSyO21VUsT9BmvM/gnavcQ6nq86kve3JYMe6jOK6D4vah9j8JXYH+skURIM9S3H9a1Ph7pqab4V0+CMbQsYJB9e9Zs7I+7S9TqumfSkVu1Ccg5pFXgn0q1qco+P7gpW6U0dKKpCuFFFFMkKKKKACiiigAooooAKKKKACiiik9UNOxHMdsTHpXyz8T9SuLrxffPqaSRRRv5MCsuFKYHz59c19TS4OQemKw9Z8OaZq9v5Oo2cdwp6b1HH41jWjzI7MLXVGXMz471z7N/Z3mFhyDyhqLwl9j/ALPJjceYxIw3U16V8fvCGkeHfDKSaZbiO4kmAwDxivFbCxlt4opWV4ZCNwJPBrk5LH02IxixNJNHbCJA33RimmSGMH5lFc4t3eJ/rLpcEdcdKzZpXklZUkaVmOMr61otDx3udJeXauRHD83PJFMuIkEtruPzEfrSaFYNbxfvsliO9VvELtDcWRB6NijcC5qHEKf71RWx3ZOeam1DBgx1bqKqaa2ZAvUHr7VTEezfCdt3iKDJBE1vzj24r3OJNmRz+dfM3gPWF0fV9OupJCqLJ5bDPY16P40+KkGkgxWUDySbc7iQo/WkRKEp7HqV5K1rbGTy3ckgBUGTXEeJfF97p9jczW1vEgjQtieQKSP8a8I1X4seJvEF2mnaTeNA8zbYvKGzJx0yfpXY32q+HLr4X3VvejzdRigZWWQlnMuOefrTMvYSW56b8PtZvL/R1bUTbh3+cJG+48128fKZGQOuK+dvgDe6jJKIRYL5CgZnZssBjoO1fRcQwoHpx+FBnNWdhfalpx6U01Rk9xG5HHWvOPjFambw0ryFPJjbMm8gfLmvRyOapX+mWeoRGK8gWZP7jcj8qlvUuEuRnxw8+jNcRvFYTXibhkKpG/npjtXa6P8AEDVNMt3tNE0O5jswQUSUEkeuM19Djw5pMOGjsYFKjghBTLjTLfoI48AdNgpM7YVlLc+bLiXUp9G1e5vbMQQ3B3SOw+bk+lYnjXRjpc2m3UcJKXVvskIHfFe8+ONMj1NLXTINqMZA7gL1QdaofFrRok8E/aIol8y1IOQOQuMVHU1lOL2PHvDU7yaNArn5kymfYGt2SeT7IjRYD71Ucdea5zw26PbXKITtWTP4HFa2tXT2nh83EOPMibcoPqDVGS1ex6bcyG++GWsRTYaSyw8eBycEV6t4VO/w9p0nPzQI3P0FeSeAp/7T8OanFcJ8s8AZ2/DP+Fex6Cvl6Jp6f3YEX8lFVB6nn1I8rNJRkZBIp6jA65pi9KWusx5hT1pKKKZAUUUUAFFFFABRRRQAUUUUAFFFFABRRRQAUUUUAivcxebCyfhXkfg+QaR8TNb0xm2Rzt9pjU989cV7IRkGvGvHyf2Z8RNB1JBjzWNu5+tRJHVQd4tHsUZ3RqfUVIegqrbP+4BJyOxqfPC+/NEdjCSs2OoooqyAooooAQU1DzTj0NQynYpY9BxUN6XKijyj4tyC+1/w3pAO4TXSyOvspz/SvUrVQlsihQoGQBXk9+P7U+MVqB9ywg3Ee7HFeuAYiVfQVnE6qj9xIkzjFPQA5NQr6etTJ901ojmsLRRRVEBRRRTAKKKKACiiigAooooAKKKKACiimt1FAA3J96Y6qCCKe2Nwye9U9UmW3s5ZWPCKWJ+lZz0Vy0rrlPmP9qDWDc+ILXTUfdFFHvdR2JPBqL4geFI4/Auiarh0RI0WXZ1II615/wCMNQfxF8Rru4cvJ51ysKegGQK+qvFnhqPU/h0dNWMuVtgyY67gK578x7lV/V6MIs+UotDt5RlJp8EdGrQ07TILRdoG4n+I1FCj2krxmYRuowUk7H0qwhuGyWlt9vsKGYKXMrlmedIEy/4Cuc1rdcHz2G2OPgA1pXW07dreZK3y8fdWm6gLeDTjBPKrE8nJ70GgxZFlsIbgHk/IVqjpxEEgGDlXqnpVyVM1rIwC7t65qduLrcvO6kJo6m0zMJEQqBwynA4IrpvEHhe71O3tLq3tWlaVf9azZHTstcjozAxBhjcpxXt/wW1gXum3Gn3fMlq5CEj7yH/A0FKpyHmOgfCbXNSmWW7RLILnYzcn6gdq9L8O/B/TIFD6rcT3jDqpban5V6mFUJ8oGBUsLYXGKdjGriG1ZFbQ9EsdKtfL0+1jt19FHWtdF2qKiUinNJgDOaDjcm3qPf7ppAcc1E88YUs8iqB6ms248RadCW3XUbBeTt5ovYLXZr8HrTuB7Vwd98RdOjZharcTEdkXvWYfiRIemlXhB6Ailzo0jhqlTWOx6VJ04OarSJuBA61leGvEFvrkBMJbcvDIRyprddOpFFubVGLi6bszIfSYzdG4x+8Ixmuc+KkSReBNTEhyBCT+ldynTnpXnPx3vY7TwTPblsSXTCMDOOvP9KXLY0hNto+dPCzhZ7pADiRVOM1u6tpd5rPh2aCwiLyI5mIzzsXkiue8Ovi9lORny+a9z+E2lN/Yt/qF1CpiMRjjz79TSvqdspqLRW+FeyaA2ZlKS3cCqF9uDXuUEZiREznYNv5V8lXfiU+GPiHos8EmLZZfLkjXptY4/nX1jYzpcwo6MGVhkN65rWmrs4q6tqXc8GnUxe2KeK6Tke4UUUUyQooooAKKKKACiiigAooooAKKKKACiiigApaSg0AB6GvMPjVZA+G/tm0+daXCSqw9Aea9OOccVy3xBshqPhjULXblpIWA+uKiWx0Yfcv+GLj7ToFnOxz5sYfOfWtgEHbiuF+El2114E0lnHzpGYz/AMBOK7lO1EXoTVVpMkoooqjEKKKKYAKrXZ/cOas9qoas23TpD7VD2Lp7nlngNDd/EPxJd/eVHWJT7V62q5TB6gV5l8F4Wez1O8cZknvHOfYHFepbeKiKNq2jIwuBn0qVSSvNKABTj92qijIbRRRWhmFFFFABRRRQAUUUUAFFFFABRRRQAUUUo60m7DSuRuQGGa4X4y68mi+Bb6YtiSRTEg9SRXduOp9q+cv2l9WE0mm6aknzK5ldAfQcZrOs7ROvBUXVqpHjPw2tDeeO9GilDEPdKzA8nrX3UkapH5ZHygEAGvkP9n6yF98VLV3UeXBEzEeh7V9fjlz3NY0djszWV6ih2PnX47+ALOwdtZ03dFJcOBMv8P4V4jc6RdpIfnLDHXd0r6q/aAY/8IaYweWkXArwOzUygeZuBCgYPNKW5nRldWOPh066DKcHjnrTbmxZXBm3tk557V3flrj+H8qzNbt8wAr0xSOmxy8kCt8ycsOuKbFKtzAfJb5kq0LYqD5Z57g1nFvIvSQuB/Gq0CZvaHOFkwGPvivQ/Cl9/YuvW19G2LZsiQA8AEjg+4/rXl2jwXVzcsNPjM3+yvWux0C8+UwTgtxgo4I2n0+tNGc0fVdkyXECSRnKMoYfjVtI+No6mvNvhj4qiSP+zNTcIUH7kk/eHpXp0eHyGJBxk+vtRc453RkaxrEdh+7Ub5iM+X/Eax21DVr6IiPy7UFs+p20vjG3aC9tdUiTd5ZMcoxzg96twSK8CunIYdaTZvSinuZUmjGcg39zPNjnGeKspY26AKkKKB7ZzWielMKjp0781Enc6LKJzur+GLS9Xei+TL1DKMVwlzazadqPk3jsRn5XP8Veu7hwO3Y1zXjbTTdaLLLFsWdBuVj9azs7nRhsVFN3E+EcRP22ds7Xl4r0zANcl8PLFrLw3aeYhEroGb1JrqJJNg+ZsDrzXRDRHl4mXPNtDnMcYyzgKOST2r5U+NHixfE3ir7PZu32GyBUf7TjrXZ/Hb4kJHAdA0O5CXDkieZeqLjoDXhMYEFqWlYsQM7z1bjrRJ3JpQZreErS71DXxbWSby5EZAHI9TX074iiPhvwDDY2oHmMojU9yx9fxrzz4BaHBZW82v37RxNOcRl25CepFepy2q+JdTiuGcGztmPl+jn1xSirl1b3Pmf42eF5dGvNJuo85nhLSH/bHzce9fR/wW1hdb8A6VcsSZPL2NnrkHHNee/tQWJHheyu0O1oJAPqDxSfsoXzjQ7+wkYny5w6A9lI/wAc1cHaRtVhz0Lo+hF6mnUw8d+RTl6V1HlyFooooJCiiigAooooAKKKKACiiigAooooAKKKKACg0UGgBO3FUtUhE9u6noQc/lV3tUFxkxFRnPtUS2NaTszzT4PM8EGq6fIRi0unVBnsTmvT1+6K8p8Fsth8RfENkudrCOQfiK9WXovrUwNa/ckooorRHKFFFFMAFY/iuQQ6DdyHjZGx/Stiuf8AHRx4U1Q+kDH9DUSNafxHN/BmIL4NtpQf9a7v+bV6GPu1wXwbBHgLSjjlo8/rXej7lKBVZ3kAfkcCnkjHWosH0p3YVdjK4tFFFMkKKKKACiiigAooooAKKKKACiiigAo70UE8ikwRDdyLFBIznAxXxf8AErWBrfjfVLgNujik8iJs8FQOT+dfW3jG9+zaBfybgCkZI/I18RJC8982Q26WTPPvzXFiZ6WPpsio3bmz2D9mi0U+Jb+6Kj5FVc/lX0wBiU+nrXhn7OlgYLO7mO3mfDEdcAdK9zOQ3PTrVYdNQPMzR82IZ5Z+0FEX8NW4Uc+eteA2EgM88JOHUnrX0n8Z4fO8JySqMmJ1c/Svm28iW11p9p/d3ABB/umiW4qGhcAOff1pl1hrd8gVaTleQB9KrXA/cyfSp5jsZzWBlgVAHsazryFtwaMKd2eD61fJKM2OarTShogx42t068UNksTQL2fRtTjubdylyjjA67h6Eele+2Ol6F48sYrm2ZbPU0ULMFG1lb0Ze49CK8KtNJutauhaWdvJNKzhTsP3R616jovgPxX4TnW/06aKQgDMbgjcMdKaZnJpl/U/C2r6OzebbS3cQ5WW3PzLXY+CPGtxaRLY67HNhRtSfy2yf97jOfetPQNdla1269byW05HOz51P+FdBYJYXCq1vcxSEnO1iM0MynKMtDSSaDUrZgjJLG49TXMXRk0S4MdzzZScxzBSQv8Asn0rrIolRCcDPtSzwpPAY5UVkzyCM0JGUXyPUwIbiOSNXR0dAQcqc5rgviD4nubaQabY5T5dzSAfMBntXdP4LsZblZIJbi0IOT5THFcd8SvB0kWnHUVvpJpYTyWwDt7fWtKcFKVjHGV3GGhR0q7/AOEfuNPuoriabTr8YkZmLkP7iu2tLWXXG3PHsswQ24n/AFh7/hXkWhaglxZ3ekXUipDN80W/qD6+1epeAfEMmoaKtnhpL+1PlMg6lR0Pv0rorYdx1PLwWNlzcrZ2Tz2+mWe64kSGGMdW6AV4D8W/jTFL5mmeF5BIvKSXA6A99tesePfDDeIvDk9vcyyxNt3IImIAIHpXxddxHT9Rm3qG2SMnIx3/AJ1xyPeoUlVl75djjubq6MjxvJK53bmzucn1q5qGmzBLSF3IuZpNvlgcjI6c8YrYfXYooFECq74AOwY7etaHgK7sLzxfbPr1tH9n3eXiQ5256Mf8ahas9mUKNGGh1qfDGfSPD8d6+vOMR7/Ldz5Z4yR9a1vg/q15H4mS0Dyy2ksfzBnzs9xXZaj8KdI1eOGe31G8jizlI0lJi+uK6Pwt4E03wuwexVnnK4Z5Dk1tFHlyrwkuVHKftGWqXfgFl/5becgUdutc3+ztAtn4iurdBhBApb3Oa6H47arbx6baacXRppXD4J+6B3NZvwBtJDqOoXuGMRwisR6c8fnRb3jZaYZ33PeCwLccmnAHFNXaDxUi9Oua6jxbXG0Up60lBDCiiigAooooAKKKKACiiigAooooAKKKKACg0UUAJ2NMK/KT3xUh6UAdM1LKg7HkEZNp8Z5QOFurMMB9K9ci5UH2rynWAsPxm0wkcyWjgfga9Ut+YlPtUx0Z04j4UyWiiitDkCiiigANcz8RGx4N1XHH7hv5V0zdTXL/ABG58H6sO3kOf0rNvc2p/EZ/wkUDwDoxH/PIV2461xPwiwPh9ouR1hWu1WlAK3xMdRRRWpiFFFFABRRRQAUUUUAFFFFABRRRQAUUUUAFNc4Ip1Mk7UmB5d8cdRe18KzQozK9wyxjB98mvBhbxeYHCDcOVHpxXsf7QD/6Lpq+s/8ASvH5OM+tebifiPuMhilhmz3P4F2n2fw0shIzLKXJr1NevNcJ8I0VfB1ntXBK5ruRwxOa7KP8M+Ux0v30vUwvGSW82jXMFy6KjKQQxwD6V8yaxZxyr+5EbNBlGC84969f/aCkZfDqCO4McgkVhGv3n9a8It7x7fM6KwTH7zcSdw+lZTZ34TDSnHmRNZz8+VKxDdie9TXGBBISccVmzXdjcur2shlU8nA+5VXVdT2WvyyHyycEDrUJXOl4aaKj8l8dqoQMu9S52oX4z1J/wpg1KOQGOEkue+KpIXD5k++enPAxVM55RadmfYPwk0LTdP8ADsctjAoLgM8jgFi2K6nXiBFGQzDqG9K474ReI7K/8AwTRlVmjG2WPdyrLxzXAeM/Gd5rmoSw2k7Q2sbsuUP3qJSSRnh8NOtOyPSL3WtPtR+/vrdCBjazisX+0vC99JtmvLcO3TY+3J/A14nq2kPcK0sczM4ALF2681ycj7fM+ULtPbqKw9qj2v7GurtH1Vb6dJHF/wAS/WL3ywchfNDKPzqtr2q6tpNokg1rzEGM+YFBGSBXzx4b1DxGsynSridEB2nexINesfCPQrnU7+9vtcla6EUm1RIcjd7dqqFRSlynn4zAKjY7eLUZbtYlOs3Tqy5YxIFH40oNhc28sUt355mzDtkk59Oldi1rawwO0cEa9sBBXzQiyy/F5dOeZo4zcMGcE4wSSK0lU9nKx5zwyqxa7DfE9pLp+p3dojFZrdg0JHIPsK6vwZc3nhl7LVp1e7e5bY6Icnae2favQNd+G+k6haxSSyTpe9pkbv8ATvXIeB9NntvFF3o+pPuitTuhTPBGRz7V3+254angRwco1bo7nXPGLWdhqJNpM08EXmGNVzk44xXxjr2pNqOoTMybHeQu2Rggk5xivt3XFtrfULWcjMUzCBz2P514x8bPhTbTRSaz4eUx3AG+ZB0c+oFcbSufRUFynkOnri2yRztxWlpif6XI4Xk8YB6isnSC6w+VMhEyHaVJ5rptNgRYBKpJ3c5qNmbSbZ6p8MPHc+myR6XqDl7TgRuTkr7fSve1dZ4Y3jYENzkdwRXx9G/kzRyIFLKc+mfY+1ev/D3xm9tLa2N7KptJj8jsfuN6E1rGRw1adndHReJfhrbeIvFA1DUrmYwKAFhXgEdwa7bRtItNJthbWcaRQr0VBjArRVlk2tkHPOQc0pA39qtbmTqS2Yox26VMpG0VGcZFPHStUY3sKetJRRTJCiiigAooooAKKKKACiiigAooooAKKKKACiiigAoopG4BpMa3PJPFDAfGbw9zjNpL/MV6xbjES15F4pO74y+HQOv2WT+YNevQ8RCs4vU6arvFD6KKK1OUKKKKAA8kmuW+Ipx4P1Y9vIb+RrqD92uY+IPzeE9STHWF/wD0Gs2tLm9LWSKHwgH/ABb7Rx/0xU12wBArhvg62fAOkD/pkBXdZ4ogOsveYUUUVoc4UUUUAFFFFABRRRQAUUUUAFFFFABRRRQAUySn0hqWFrnjP7QNsxsNNmA+VJxn8a8clOQQO2f5GvpL4o6M+teHLuBAfMRRIuBzkHPFfNyAiciRSrLkOp7HHcVw14Nyuj7LI8RGNBwkfRXwjbd4Qsf9yu5xya84+Cd6l14VhiA/eQko2PWvSwPmbnPNdUNIWPmMdG9aVjy/4y+FbjXtOS6sdwu7Y5QA5yO/FePXWv3smmvo+leFZptSAMUjyRkAds8ivq1owx5AOaYtjbhzIYk3Hq2OamVO+prQxcqSsj5BuvBN74U8IRajq6Yv7ibBhVuEHoa47VYJ7qICKNQq9vWvoD9oy+SKGwsUHLPuP4V4kMk4FZNWO2OMnLoc1YWPkyB3HrUc5OenKHj3xWvt2PJHg7ASQTWXMVNwVBGVzSkP2nOy/wCEL3ULW/mhsrmWOOZMTKrdQTXdRr5UOMD5RXE+FFA1OUDj5B/OuwuJHCfu03t0xXJWbsfSZXh1CHMVL7VfMT7NpxaWZjhsKeK0NB8MQowkvR5jYzjtk+tW/D9gsKKWxuGTjFdArxxL8zBQOTzXC2z1tmRvbw21lOsCrEQOCteo/Du3hs/CdqEb5m+ZiepJ718/eJvErSObWyYhRIAXHevbfD0kn9h2pd2xsUYH0rqwztK54Oa0nPRHZXV9CiMgkDMe1fOd6+PjC7bSn+kLya9mLYbIJJ968Z8Tt9m+JyzjcwWdCQeeK1rz95NHm08PyJn0os+YI2YgDaOteK+JPET6Z8TBfw7ZIggR0/vDua7C7vb7U4FigYQWxG3KnLn/AArhfibpUcMNrf24yYB5bKOWwepPrVwrtvlPFxtKUI80T0PVPEGiato7xJfBxjcq5+ZGHTH41peFtTt9Z0pBI290VUcMPvYHWvBdB1Cey1CKFYkeKUgEeXkkdiK9H064m8NakPNUiIorf7ynr+Vdjoytc5sDifatrscJ8ZfBg0q/n1XR4cRSHMiL29WFcjoshksUz19zz+PvX0/rltb6tpan5XidTgYzuBFfNuraQ+h69c25jKQmTzI/cHt+FZWsz1wfg8/Sr2mXGyTyX+6Tx7H1qjIcg/WoXcqyupIwaa3IlG59JfDjxMdQiTTrt8XUIG0/3lFd/kb+3XtXyt4c1qaw1e3vEZmkQgqo/iHcV9O6Rex6jZQXMDApKoYYPrW0WcNWFjRwT0p4pBxxS1tc5WFFFFMQUUUUAFFFFABRRRQAUUUUAFFFFABRRRQAUUUUAFB6H6UUGk9hrc8f8TAr8Z/D49LWQV67AcxCvIfEDef8YNIC4Jgt3J+hIr12D/Vr9KyhudNZWiiSiiitjlCiiigBO1YHi+L7RoV5Gv8AFE4/St8HAyaz9WTfZSKB95SKh/Cb0d7nF/BeUHwbbx5+aJmQn6GvQ0JxXlnwdlNva6nYsPmivHB9gelepR5xSgXiFZ+o+iiitDmCiiigQUUUUAFFFFABRRRQAZ5xRQajNAEmaM0imlzxmgLBmkNG4UmcnjpUsaI7gAoc96898XfDux8QAyxL9luRyJIuDnrXobncMAj8abjDZFQ7M3hWnT+E8v8Ahd4b1bwvqFzZ358+GZzIky8BfbFeqqTtH61XLgP8xAHvUqzx4wHz9KOaxEpSm7yJMCmlx0z3xSeZGepNZHiXV4NK0i6upZMBFwPcngUnIVn0PnH426n/AGt45b7NJmC2Hl8HjNcQYipJU5wMmtbxF5j6jl8eaTvcj1PP41nOCGJH8QwTWLd9z0ab90zLnBlGAQuzJrli5OoSgDvjNdHK+y1RmycnZkevpXPQ4N9c+oapeprTvzq5veEmA1WQeqiu2ThuPWuG8NEDWDgfwiu5DEdq4qz1sfaZauamaFrOqMN68dzXN+Itaa7Zrewwsa8GT1PpUmsXEgt44kJViSc1S0+zVIsEbiTkmuVI7ZxszKS1lk8vI5Mg5H1r6Z0pSmjQg9lUfpXh8MKRtCT0MqjH417/AGkWNMQEAkbev0rroI8PM5WkkiuBmvKfH0YTxzYvsG1tpPbPNewBOOgry74nx+V4j0uTHPAP51U46nmynq0dB9l/tHWp4/NeGKNQVEZwScfr1rNm0uKLS5jJI7XVpKeZG/1gNbFnutdaUtuyzJs45wRVqGzkudSu4LqEtE2QCw/EVMYPmTOCtFSXKzyXTpm0u+VWDedbyCT5u/Nem6lqVvr9p9qtJ1kuYEEixA9V/iWuR8XeH7+ztzqTwbFD4dvUdP5VmeEJP7D1zzpHHlMTt3Hjae3417qXNA+LqVPqld9meoeF76azzaXDBrZ1LW7Z6D0rE+KOkG60tbuIbpbXLjHpxmptRtHBmtYSVwDeWbL/AHepWtuxnXVNIRJVAZlAkXucjmvMqNxkfYYWca1NSR4RbS+YoODg+tPl/hwO9TarYSaXrV7ZSEkxyFlHop6VEeSvBxinFlvexdRWs5YSCG2sJEP869u+CusGS3uNOmbLxtvQein/AOvmvHIIvtMEUixh1hADA+nrXc+CrmLRfGWm3BU/Z79Mbx91T0wfxrWDuzlro+ggeadmq8T559faplrZM85odRRRkVoSGaM0A5OKTIoCwtFJmloAKKKKACiiigAooooAKKKKAClpKKAFximscKeaUH1qOeRFiYngYpPYpK+x5IpF18ZpSP8Al3s1U/UmvXUICge1eS+DMX/xG8Q36YZEdYMjttr1k4CjFRA6cRskPooorQ5AooooAb/DUNwuYG9jU38NNIyrA98is+hcHZnkvgRmtfH/AIhs3YDMglVfUGvWlPFeRai/9m/GS02LtW8t9hPqRzXroIMY6Z6VKOivrZoeuacRTU7H8KeehrRHPbQbRRRVEBRRRQAUUUUAFFFFAARkiozxUnQ5qJ2C9f1pNlJC5x14pCenI/Gs/U9XtdP+a7kSMAf3ufwrnz4j1DUmb+xrApGDjzpwRn3A71LloWotnXPJsBLEBR3zWTqHiXTbL5XuFLnoE5z+Vc+dBmu336nqM0wzkwodi5/CrMUGmWWEjWBCp4BGTWbkUqTtcR/E97MjvZ6ZIEA4aU7QfpWNN4h1q4VvKeGH1UAkitZdVee4eO1spZCRtDH7tZWr6YbGI319PHaxD7zBelJtnXQhB/EZRk1WVz5uo3B7nsKcLadm+e6nY9Sd5rI8O6qvifUHWwuJpNOhJV5QuMsf6V0zeHIBJg3FzheW+as22dk404O1jOFsxckT3JI7iU/yrjvFl48+p/ZEnmmt4UDnc5ILg5ANb3irTptPs5ry11GWELgImNxb1HWvP7qRo4XHmGR5PmZm65NK4JUuxiXYL3Mrly7O2ST1FRN0P8qssgGeKjmQbWI7CmzN2vocjqhZYwmdu1lIHv1zWNDlXndfXJJrV14lNRkA5AVfzxWKZiQVUcZz9azk7bHThabnOxueDQ82ps7dAMCvQGPGK4jwPH/p0nPRc4rspmweK46zufZYKn7OFihqEZedB2Aqe2QKmMnikmOee9OiPrWCR0y1ZKuPNtgTn98n86+hbZf9CTaOwP6V88Q5k1GxQD71yg/WvpS2jC2SjHIUCuygtT5fNpWqIrBDwQB9K8w+LEO7WdNJBGTj9a9a2ggcV5X8Y38i50uQkEB8kYrWcdTy1PVnodvaRsI5XRWfy1Ab0wOtTNHlFAYFh/FnrXA6d4tjv42VdTuYWQDEMEG7PHrV63XxFdDzI7uaO3b7plQBvyq4LS5z1Z2Z0etQQ3ek3FtdglWXvXht5bS2t88F18jo+AZBg7T0x6CvXl0TUroKbrVpDjsEFZXjLwHda/cQzJOs04RVJK4Bx616OHrJWTPnMxwftXzIwrzVofsWn6fZyvc3sDbjMDgbccqPrWpoV0IQZPKZXZsPk9P/AK1a3hj4UvZ3Bub65RpscIo4XNaGueHLmyuLuZU82GZAp2D7p9RWOKUZyuj0snm6UeWZ5f8AFy0isJbfVUO1j+7c9cgkVx6srqGRgR7V3/xLUXfgG6MqgmBgMN94CvFfCuo+XeyWsjbl5CkmuazPflCMlzI9G0EhyYycEkDH4/8A1q7G3R5/CSXSKN9lqAHy+5z/AIV5/pjsuoQhTjkdK9Q8CRte6b4jscZGBIo/2vWnBu55VXW57VpzCSzhcdwP5VeThhmsjw1IJdFsz32AH61sA8Z9a6InBIDn1FN7gUrNtGeKydX1q30ws05+cDhF5L/hT5mhWNXPPUfnR06kfWuVtNV1i9lLQ2kEEJ6ebnOKfPca7F5kggtJkUbiiH5mFLmZVjp1YZ+npTwwPtXO6H4hh1EiPyzBcLw8L8MpreWXd6elSpk2Jc0Zpu4U41onchqwUUUVQBRRRQAUUUUAFB6UUUAI33D2rP1SRYrJ2Y9BmtE9DXK/Ee//ALP8K6hcjgxQlv0qZbG1Fe8jkPg4guJNZv1+5dXkjg+vP/1q9VPAFcJ8G7EWngTSnIAMsZlIx3Yk13qjKDNTTva5piHedhw6UUDgUVocrCiiigBMcUm33706kLYGcUrIaZ5D8WUax8SeHdXGAkNyqSsOytXqlo/m26MpBQ8g+oxXFfF7S3vvCl80QJeMCUcf3ea0/h3qi6p4X065BJLQKG9iB/8AWrPqdctaaOsXhR9aduzTAwK0oppnKxaKKK0JCiiigAoopG6UmAueKQnij8ayNe1Q2YCW+HuW4VKnmKUSzqOpWthC0t1MscY7k1yd5rmpavmPSFW2gY4NxJ94j1UUg0qW5l8/Vn85yc+X1Vfwq5JLDb/KcYA4AGSBU3LSsVbPQYLV/NmeS9uCeZZuR+VWp79El8mBJZm6Dyx8v59qdBp93eMk0sjRW+ciMHBI963ra3it4QkShVHYDrUNFqVjg/Gc2oWWgXd3JMYFVflVOv51S+EWnNdaYuo3jtM0rkjzTuIro/iNYNf+GLuC3T94VyAO+K8++G/je10qxXTdRbyXiJw2MfnSsdkP3tO8T2kRKuNqgf7vFcX8XbS3vvB13HPL5IT58g46DOKr6p8S9ItbbdHIsz4yAjda8k1PUPEvxRuZbOz8y20xHJd9u0fTNDFRoSjrIn+AGsx759I2ZxmTcg6mvaZtuWB43qcjPpXFfDvwTZ+FIpCpL3Mn3pDW5411WPSdAu7yVlX5NkY/2jxWbNsRrJWOK8a6qL7UTBAR5NsdpI6Fu9cNcbnlbGTVqG4aRSxPDEE+5qPYQzEihK7M0mik0LOemKhvgsULHqxIwPatSMKepP4VgeKryC0U/vPmRCv1NEnY6IU3JpI4LUpzNe3EzHuQPeqUS4NALSMzH1yKlC4NYykfQ4DC+zXM0dP4H/4/Z/8Acrq5zhjXJeCf+P6b/crrZfvfrXNUPdpFaQ7unGKSMn8aGBy1CnCE+lYrc3tZlzS0L6tpQHJNyv8AjX0rbqPsw65OK+dPByyT+LdJXZmMSM5+tfR8QAhUd678OtT4zOJ3qgAAemRXmnxYsE1DU9EtnJCyy7DjtXpyjOOOtef/ABCU/wDCS+Hfa4zW01dnl8xraN4estFiWC1jG49XPLE10UFhcXQUjIx/e9Km0xd+qgH5lAz0rqFVVUADHFaUo2POqzdzHttEUEGYg47CtSK2ihXEcagVOBgUVva5hKTIxGoPCAe1I8StnIx+FTDOaGBPejlQJvc84+JngGLxJpV1HauLe4dDyOAx7Zr5D/4Rq/0bxa1lqkTRSQtliwwrehHrX6ATKCACAc9a4T4keBrHxJp7yBNmoR/NDKo5yOx9qylG2x2UMTJOzPmuKRor1HHzLnBI7ewr2T4VEG/1ogDH2cD8f8mvFriOW2vWgmBWaJ9jLjvmvZfAlneR+Hbi9tJgk9zMEAI4K4wayW5pVaeqPUvCeTolq23qM5/E1tqwJx+tcTZ6xc6PZCK8sWeOMY8yL5hj6Vp6R4s0e/GY7kI4/hk+U/rW8WcMtzY1Sf7LaTT8ERIX/AcmuW8OWS38Y1q6k8y4ufnjDdI17YH0roL+4tr3TrmGKaNzJGy8MD1FZvhRPL0W1hxzADFx3xSbEbaKoGAASB0NYWqPrMYc2kFo0WcqOcmtxe27njvWZrAv2t3TTvLViPvt2qRo5mN/+EgSea2Eun6zZMVL7c4b09waqQ+Itc0q1S51CSC5t1kEcqjh0OcV0XhjQ301C93c+beTOZJJAevtVDS9Gg1fV7+5ulMkUNwTHH0XOOvvSRR21jKJ4lkX7rDIq3UFrGsagIMD0qet4mUgoooqiQooooAKKKKAClFJRQCDHNeW/HC9x4Wa1Q/vrqVYAn94E816kD+FeM+PgdZ+IeiaW0mUic3JVfQHvUS2OnDrdnpnhm2Wx0CytwADHEqkDtx0rZX7oAqraIqxABcd6tLjtRD4UZVHeTYtFFFWZhRRRQAUhHFLRSYFHVbdLjTrmKQbg8bLj6ivMPgtdG3j1PSZPvWVyypkY+Q9K9YnBMTYrx6T/iQfFi2Zv3dvqUeD6bgf8Kyle51UtYtHsCHIxUoOe1QwEFFOOTU4qkYSVtGFFFFaEBQaKRulIEKDkZpr54HrSFcZ5pJQNoHY9aRdilrF8thaGQnLH5VX1JrGs7Uxs01yS87HOT2HpUcz/btbYOC8NtxxyM1oH3J/HvWZpA5vx34kh8N6YZ3C+ceEXH3jjis74Xag+v2El9qYQ3RkwVz90egroNd0Wy1lVW8jEgQ5Abmo9E8O6dpkcqW0e0MckKcUHS7WOrUqOjLxwORTwyk/eGfrWDJp8XULJj/fqvPa2y4BLEH/AGzQzFxctjonSN8rIyMvpmuL174c6Nq85ndhC5OT5XFPklsbcsE87eP9o1k6o73Cstvc3FsT/Grc1LaN6cKqWgsPw58P6aRJIGuCv3fNwcGtuHyIT5dnCsUYHOFwCffFcdBZ30QKnW72bPI8wA4q2G1FCo+0JIB3cYNK6On2c2tTpSCXJ3AepPSvH/jrq4murDR4WOIm8yT/AGvSu/m1DVIU3BbUgcknOMYr5+8V6vLr/jWW5nVV3TpGoX0Xis5C9k0dNapst489No/OplHJBHapDH+7j2cjFMcrBG0kr7YxyxpFqnKTSRR1S4S0tmcsB2GO9eZeIpfNugm4sM7jk1ueJdXGot5kRZbdSNi4xurmYre6v7hvs1vLM5PRBnFZPc9zDYaNNJyZEoxTjjNas3hfxDDCZZdHvEQAHJQ8g+lVZbG6t4ibq3eEk8CQEGoaZ6lPEUn7qZqeDmC3suf7uK7CbnGK5Hwaga4lfsABiuukHPFY1NmzvpETYxn0qFyPLYntzUv8R9KZNjy2wO1YI6W1Y6f4Z2/n+Krc85iQvj619AxriICvFPgzF5utXE23ISPb9DXtgGEr0qKsrnweZyvWaHD7orhvGsCy+KPDpJ43ux+gruD9zngdM1yepQm98Z24jCvHaRNvxztbPT8q2PNlJI7Dw8vmTzOB8oxtJ9K6DHIqhparFbKApB9xir+/itqZ509x9JQM96K0RkxQcUuabRTHdg3OKhnUFCMdamNMk7CokhpnhHxM8ByXHjW1uLF1hS6JSUnpntXoXhPQl0TQ4NPYs5izkk5+bOan+IcDDQp7uMEy25WRfwNaem3BurO3nYcyRqx+uKxcUmbRbZG2npdHJkaIg4+XuKnj0DTlY77eOTIxllFWcANnjgVRvde03T5RFcXkay5A8vOWH4U07ByubsilqXhvR4onkMZgOMlo3K496574da1FdXGoabEd6Wkp2uTksp71yPxT8bTy3kmm2EjRw9JGPf2qx8CtOlX+0r9+FkcRjnOcc1PNc7Hg5Qpc8j2UDim4OMCpFYEAc9KaOWOO3Wh3OAhupFtrV5nI2oN3P5AVV8LxJBYnMi+ZM7SHHvXL/GS8ls/BF48DlScDjg9a8L0vxF4g0q4EltqUrRIw3CQ5VeBx+NTzcr1O6hg51oto+tkYdQc1IrA59q8v8M+O7owQPrlg9tE/AmHzL+PpXoVjfwXUe+E7gfQit4yOSpRlBu5fopEbcuRS1oc4UUUUwCiiigAoPSig9KTBFeeUQgMWIzxXlXguL+1/iRrmpH54oD5EZPOD1IzXZ/EHWE0fw5e3hwTDGSB6nFY3wh0Y6f4Zt7qdcXd1maT33GoZ2UrRpNs71BiNVB7CpFGKaqgDipBTXRHNJhRRRVkBRRRQAUUUUAI3Kt9K8o+NenynSrfU7YYnspfN3Drt7ivVycCsrxDZJqOmXMMqgo6lSCPaokdFCVnqReF9QXUdKtrhHDK0a8judvNbSmvI/g/fS2Mt/oF2SZrG4YIGPOw9DXrSuOKUWFaNpXH0UUVoYBQRkUUUhCN0PvUc+SBjrj0qRulNfPGPSixSOQk0bUYLpxZXSJDKxZzt5zQ2gas2SNXcf7qV1eeuacSWUDA47VDRpexx/wDwjuplhu1mb/vgUjeGL4n/AJDNx9Qorr2GOy/lTeh6D8qmxXPocmvhS4dTu1i6OetVZPA7vjOqXJweua7jb9KjmmjiGZGRQOpJxQ9g530OEk8CsSf+Jlcg+opP+EGnUkjVrr8QK39S8WaVaeYouPNkUfchXea5mTxpq90WXTtIZRyFknOP0rI3hKTWgreEbmLk6zMBnqYwQKw9Xik0uJzca1b5XJCv94j6CpJ11i+LHV9Sd1bloIBtX6ZqOLTLG3zKLdEY/e8wZGPqaT0O+hCTV2znL/VNbutNleyjPlrG3zSIVyMHpmvFNJMk2txNJwxlDHngGvbfGXi6wh0qW3im8+fYyqqHKjivBtBmeO7Fy45EmQPQVk5HU6E9LnrF5cRWtt50zBAOgNcXq1/d6tII40Yx5G1EBO70zTdSvJdRusENscgJH1yTXt3w68FW+laVFc3WJL+RQSxX7o9Kad9jolFYWPNLc8ft/hx4j1G3SdrQR2O7dKpOGKjrgete0/D3TtI07QEaKxWyZGbf5y4cgcAmuqmljhtXMzosarkt0xWdYWN14nmWRt0OlI2ZGZeZz2I74p8jueZicc6j91j9DtP+Ei1H7TdIRpduw8lXGPMfOdx9qy/jbo2jHwne3FykKXIQiNiMHca9OhgitYUSNQqqAoA6VxfxR0NPE2gT2CSBJuoc+tW4HHCtKEua58s+B4JhZSSmNwu4/MVOK6RmJY5OSK9+8B+CbfT/AAna2t3AvnbSXBXPWsPxz8Ools5brTl2yoCcAda5qtFtH0uBzyN+RnjeOSaZL/qXOOcVMYZYmZJQVdeoI96r3RzazY/ukVzKm46M+jeIpzp8yZ6v8A7XdpF5fEfLNNtQnuBXqpBAAAJxXKfCrTjpng+yt8YAQN+J6117cjFejBWR8Hi581WTMLXdSltTHbWcZlurjKrt6KO5NT6Xp6aehVQS74LyE53t3rHsWF940u2U5jtE8oYP8XU11floABzxTR59W5pW0g2fN1HerMb7hxWdAcoR2qzEcMOa1jK2hgy+me9OqNDjrzT+cdq1WqMmtRaKBRVCA0jUE4qKRx64qWyoq5j+Mnjj8Oag0mNnkkHPas/QdRsRpFmguolkWNQQW56Vi/FfXPsehvbosr+ayq4j5+XPP8q5ywurXUYhPCqmNlH3uCuOK55S1OyjQcj0q/1W1srWa4aQMiRlvlG7J9B715XqeqWtyZ54YYbC5uWz5lwQXA+natI2ccylIzJtPYOeaQfD3TNRlE1+ZpGYk/6w+lQ5N6HZQoqlPmkeS606NdsYJjclsByf4mPoK9++Gliln4cghVdpUktxjJIzmuOufAOmaReWM9hZzXEgcfefIX613/gySeSG7W6ZWdZTgKMY6cUI6cbi41IciOiQFelKAwOe1PPBOPzpAT82as8LY434qWrXfgy/jWPeSpK/WvNPBfw/ur37Pc6uqrbcNtHJf6/lXt3iK3N3ot3ABjdGR+lcv4W1KBdEtkmmAlj/AHe0dcg1Njtw+IdKNkx+o2EdvaqYUCrjBXHb39azPCU723iBba3c+W4JePrt+nqK27q7nvd0FlaOxPG9xgVa8JeG/wCyhLcXTLJeyE/MP4Qew9KuJNSspRlc62MYXAp30qKMjZ3py9RW6OCw+iiiqJCiig8igBGO080hcHPNOPIqjeyCOB2zjApS2LirvQ8r+Mdz/aWraR4ftmO+6mEkoHICKf616jo8HkWMUS8IqqAAOBivKfA2/wAT+N9S12RcwQn7PBn1B5xXsMK7VxWUHfc6qtowSJQuBS0tJWtjjYUUUUxBRRRQAUHpRRQA09BSSAPEQelPxSEAgjtU2GnY8X8cwt4Z8f2GuQqyW1yfs9zjpk9Ca9bsZ0nt1dTkY4PrXOfEfQF1vw3eREDzlHmRv6MOlY/wl1tr/Qo7Wdv9KtXMUqnqCKzOx+/SuejpyKdTV685zTq1WxxsKKKKYgIzSN2paR+lJjRG5XjjmkY4btzTbhtiMcDhSfyrAfV5by3WXTUV1JKl2/hI61m9DRK5vvIFGWFY2q+I7LTh+9LO/wDcjG4/lWdFY3FyS9/cOxP8CnC1YisoYjlYlAHfHNLmNYQ5tig+s6zfy4sbQWcD9JZzyPwqE+G5b2cT6tq1zdt/zyQlI/y/+vWy21FHPHqegqpNqcSTKkKG5fIGI+anVmrpqK1HWGjWOnq5iiRWbjdjn86zdW1PT9LWSW9mhRRzlj278Vz3xM1XxBZaVHcWqR28bOE3DJIyT1rxS/vrq/kc3kzzNnqx/Pj0rGcuU9TAYJ143ie8afqw8RWIutGtw8G4jzTwCB3ovtFH2a4e4laWXYcD+FeM1wXwr8W2mkWr6VqUpjidv3TEcDPavRr3WLRoDEbiMeaGUDeD2pOcWtyp0KtCoo2PnG6H7+dM5+ZhWFpVoIy6yA7gxxXU6/bJa63dwwNuRXPPSsg7UfJYKcZ571zSkrn1NHD89JORueAdNjv/ABPZROGO1t5I5x719A3F5bWtqA5bcx2pGgy2emCK+bPDWs/2XrVlcLKId5KO+MkDtX1X4R0yzWwS4jCzSOu4ysdxaumjqz53PU4OyMiLw1e608VxqqtBaqcizB5b0LV21vbpawRxRLsVBhQOgq0gIG0DgVFcyLFG7nJ2jOPWuxpI+a5nex5t8VvEt/4Va11GzmLWytsmhYcY9RS+EfFFn4nCXFu4Yt95M8j6+lc98ddShfw+1vIV82SQFVPXFeU/CHV5dL8e2AVv9HuJCsqZ4bPSubnvKx6scC3QdRo+wI0KLtPQACmXMSzRMj5KkYP41LnOPoM1leJ9Xg0bSJrmdsKoyfr2rZqyPGpQlOrZHC+OLPw5pNoxvYoBvOOfvMfavKTaabqerWFhpNtKnnSZZifl29aqeLtYutbv5JppN8RbKL2Arpfg1pYutVuNQlGVgwi+xIrhfvSPr3SnhcOnJntGnRC1so4kXaqqFx9KluZlggeVvuqCf0zTs4X61y/jy9MWkw2kLN9ou5VhXHoepra54c3q2N8Ewstvc3cg+e6maT8O1dPn3qtp9oLOwtrcdYowv5VOetUkc1RliB9uTViKcEc8VSQlexOamTJ6cVaMNzTjuQFwaso24Ag1jspGKt29wAAp4NapicS+pOTTyQOpqHeB054rO1zWbLQ7RrvUJljiUZO402xcppzSKi5JwAMn6VyOveIY4yYLaRXbcOFPJrz2++I2oeL9TGn+GYXhtFP765k4G2up0/ToLGJQXWWRjkuepNQ2Wo2Y/wAqSeXddxpkk4BOcVz2oeFAkxn04tE7HJjDfKx9/SuwUc5I5znJpHwMbgNvYntWTjc6IVJR2Oc0uARlYjdT2VyOCJk3Kx/2SK6G3tNd8uNoJrK6Ht8lVdVmVLZThZWkO1I8ckn/AD2rTfXbPwzpEA1eWCBlT7ucnPoB1qdEynVqS0IJk8RRLlbC0fHcT/8A1qk8CmY/bjcxxRy+ewIR89hXPXvxc0n/AJc7WWXHHPy1a+GOvw60+p3KJ5ebnBXPrRzRvuZ8lSzbR6EeaaBmg85x0zQM4q1qZb7iSqGDBuRjp61xOhQJp3iq+0+5iR0uH+0W5x045Fduxz1rlfHFnc/Yxf6c5S9tiZIyB1AHIqZNIqKbOpQYBwPwxUoPU/1r58HxT16MN5ckEjqfmDoRW14J+Mcl9qKWGrWflSSy+UsiH5cn1qY1o3sVOlLlue2Rfc7U9eoqG3bem7nnpUy59K7E7rQ5noPoooqiAoNFBpDQnOK4P4r662j+HpliOJ7j9zFjruNdrdSlIWPTjrXjOo7vGnxHSEFjYaWcMOoMnvWcpPY6sPC75uh2/wAMdAXRfDdtF1kZPMkP+03WuyUYAplpGkVuiR9MVMAehoirIyqPmHZooFFXHYxYUUUVQBRRRQAUUUUAFB6UUUAQXEIngZD/ABcc14xqRl8E/EaO4CFNL1Q7XOOFcV7aR6VxfxL8PLrnhu4TBM6AvGfRhyDWbR00p/Yex1dlOJk3gggjg+oqyMnFea/CXxDJqWli0umxeWpMMqnggj/GvRwSOKcWTVp8upJRQOlFUYhQaKDTEQXiK9vJuOBtIrzvwx59m17YTE7opmYADqpJIr0eYblKnkGuD8XRT6XqkGsW43xcRzoOy/3vwrKextTaW5c1PUYtPsZJ5pzHFGu459K4DV/id5RRbCEyq44cnr712eqWsOsaeVYh4pVwcdxXhnizQbnQLoq6s9qW+SUdFB6A+1cs20e5l2GpVJe8zTtvFeq634htDd3TQ2ryKCinC4zzmvoG0lsre23WixRoRwUGc/jXyrCMwjLBl9BkGtVPEesW9sIYLt0hQcDrgVNOtbc9PGZNGXvQeh67eSP4o0rVbKQDMTlVdeVyBn868Fu43gu2SRAj9x3r234X+bD4dEk67jdOznPUe9ZPjXwUuqyNd2JVJjyFPeqqLmVzDL8RHBycGeQkK2Axzj9KUSmF/MDvuA4LNnFaV34e1O11CO0Fu8k0hAGF4Hqap69ol7pl4tvexMxZdysi5BFc7h2PfdfDVPemzPnlmll+bLM3JcnNV/syuxaUNurVstO1C6O20sZ5MDshFN1DTtQ09RJe2UsSnj5lrNxZtHGUPhTRkyWyNIWdckDA9q9P+HnxLuNEiFnqZd7cAKrBc7RXmokPPBx16URqrMcqwHqRxQqk4akYrA08XG7sfUNp8UfDjxBpNQjDH+HPNc/4s+LFhEhTS1NzIR9BXgDWyAdBk9CBTzwMnPpWjxUmeXS4dpxqc8noWvEms3+vXj3N+7HjCoegq58JdJk1Dx7YY4ihO88d16VjwQ3F3OkMUTu7nAG2voz4R+CU0CyFzcfNeTjL5HAHpV0W5SuLNqtLDUfZRsemocBfpXlHx0vZU062tUI2zMQ3tXrO3PTrXE/Ezw2df0YxxSbbgHemegINd09j5LBzjCvzS2PmxxnZtJJbgAflivfPhlox0nw7EkgHnsN78dSelea+DfCl1d+KCmoQvFHaNuYEYye34V7naKscQVT0GK41ufQZljPbRUI7D5XCKScfjXI6c51/xXNdFS1nYL5cRHIaTuR9Oau+Lr+e3s0tbWLfeXf7uPB6dia0vD+mxaVpkFrCwbHLnHVu+fxrRI8aejsaABCgHP49aa8qJuMrBVXqScVPtJ5x0NY/i3QTr2lvbC5ltm7MnetEjBJN6lC78a6BZsVl1KLIOMBuamtvGWj3EPmW8s8mBnKxHH51ymjfDjQ9KvJLzVbmK6YkFVlOAuPY8V0UGs27s9j4dsJJxGduUjAjJ+v+FO2o3CK2NFPFekybN94I2bsykf0rYtL+2lXes0Tpnhg4rAk8O6rq0SpqUtvBb44jhjG7/vo1pWngfRoIow9tIxA5YuQSatKxzs6B7uCKHeZVx65rk9fSz1ppIrmETQgcBxlSa1E8LWVu+60eWPjkF94/I06fTtUhXbYzwhT/AHoxzTeo0Yek6BBaq32O0SIO3zYHHHSukttKh8xXuVVyv3QahFtrvlY8+3DnuI+n4VA+j6xckLd6uYkzn93EoJ/ShWE30NO5ttPjy8zRxKOpLYArAu9V0+Z2t9Fga/uFI6D5B9TV218H2KXHmXLXN0T182Qkflmt22sLe0QR20SRoOQqihkXdzhtTsLrTrW71a5cNfLH/o6fwxE/3a8S8W6dqss5vdUjneZsMkjKW2seuMdK99+KcrReG5fL4lfAG37x5HSuD0u+1SKLevk3KnqmNzHjvXm4iVp6Ho4VpR1PH5IBGD8sikHNdV8L/Etv4e1m5W8keO2mQEuRwGzXsdlbafdaM15qOmwpIoLOpj254rnmk8NyKhlsbddwBACiueMup1ualHlOnj+ImhMo23Jc+y0+Lx9o8jYSWU9sBK5NrTQLiQFLeJB6A02TT9Hhywij/A03i5RMo4NM6TVPiVo9g4WSQ7+6kDP86y7v4o6ddQ7baGWdsEYC4FeX+KLaBtZZkB8vbgKcUyxi2FdpZCOMcisHipM6IYJb3I9R06bVNRurlB9mWQ5EZPQU6x8NpY3C3aO0lwsiunqpzWo17Z2cZa4uY1kHbcOf/r1jN4okmuALG1eWNHBLt8vFTTm3O7N6lBKDPqfRyWsIWc8lBV5OVNcp4B8QQ69oscsQVZEG2SPPKGuoRuOK+hoy5onzdSHKySikBzS1ruYhTWpwqKdgkW5jjnqaTKirnFfFLxGdD8M3M0WWmYFIh6selUfhH4bOl6GLu7DfbrsmeVm65Ncvcynxv4+a0Qb9M085fqVd8mvY7SFY4Qq8DpWduY7J2pQXL1LCjpjtxUi8jNMReOaeOKuJxti0UUVRIUUUUwCiiigAooooAKD0NFFADdxB61HKgliZG5DAg1KQMcDmkA9aTKTPEfF1tN4M8W2+t2y7rO6cR3CjgL/tV6/pV5Fe20c0bh1dQwYdDmqXirRodY0e4tJ0DCVSvI6H1rzb4Zahd6FqVx4c1mQiS1P7hmb76dgKg7XarC3U9mX68UvbrUMbqUyDx707gr1qkcdraMkopvReDQTg9aomwrj5feqd3Zx3Vu8Uq7lYYI9RVreO5FQXF3b24BlljQAZJZgKzk7ItJs86mt5vDF4YLjdJpjt+5deTH7H25q/qOn2uq2TxyRCVJFzyBz71b17xHo1zutXzdMTjy41JB/HpXKLd6lZ3jw2dqzWZ/1QlOGz/hXBVrRXU9PDc61OA8TeELvS5Ge0Uz23Xj7yD39a5NSZJVGMxj7/ADg4z3r226u9SuFIeO2g7EMc1xeteH7W8nklluo0kzz5CYz9a4qleK2PpMLipyi41DrNI12xtdP02Ey7badSsUvYkE8H0qa48U6chkjglE8yfKmxcgt9a88u9Ogg05orqeVo4s+X33Z9KzvC17PcXqaY8kUVsXABxhnHp9aqnipPQ46uCjzObPbdC0+NIxdXDtJcSjc+R90egpdWsY5CJ4YleePmPcuePSqUcV1p1tG1u7PCgyy4y2Pb1NX7a6W6jEkUqvGTwQec9wR613KzVzzK0pJ2Rp+Hb7TLw+WIhb3Q4aNsA+5GOTWlq2jadqtqbe5hWRGyOa5m7sUmfzApSYDCuvDD8abb3OsabMNrLdwAZw5wR7Z71olE5JxqRfMmcf4i+D0MjySaVdzQZzhMAr+tcFqvgDxHYqc2XnrnjYf6V9C2/iaAKFvYpICfvZUnP0NbMF3aXKiRJY2U+/NHs4s7qWbYqirHy1p/gTxHfSBV09o1JwWkO3H4V2mjfB2eWaNtTvGCj/lnCv8AOveUEJyQEz6mhpYYckuqj1Jo9jFCrZ1iZ6HJ+GvAOkaKEaG13MpzukOTXXogT7vAqudStkcqJFY+3T86rXetWlumd6sT0ANWoxjseZUnVru89TUA+UnIIHWsLxBrEFqVgUCW5f5EjU5Off2xzXPXmo393I6pc+TCf7v3qS1tYY33lXaXbtMj9T+NDlcunh3uWrC38mPfO2+5cfvG9Tn/AAqa5vYrO0knkbiMZI7k+lQzXKQx7mdI1xnk5yfQVJpGmvqcq3l0ii1B/dRsOWI7mo5bms6ttDm4/A934hvf7W1PUJomfmOCL5Qq+ldXb+CLGGNcS3PAxnzT/jXURjYmKkwccGtFE5pVHc5ybw2UgC2d5dQse7ndVWXwxeyEebrF0U4yoUD9a6wqwHJP0o2seTVWJ5zmrXwfpsUm+ZHuWHeZiw/LNbtvaQWyCOCNYUHQIMCrKxk9aUrg9adrEuQKOOnFLICfXpSL9aeeaZN9SMISB/Wk2nPrUgHAyeaVhjoKSQNjPL+n5UFCcc9Kcpp2KdtRXGkZPPWqd7ci3jdpDhVBOQauniuL+IV3ILWK0iO37Qdpx1xWVWXIioK71Ofurttd1B55CPIA2xLnt7+5qreaNDbKsqmSKYkFUQ7QPcmtTTrJLG2a4cBhgYz1DetUre5kvprmG53mzRTvl7gnnA9q8atNuVz0qSSVjMim12AsIruO8tf+eEq4LH03elYt/rbQuft/huRR/egbNdRqKfZrmOC2TMbcRHJI2nnJp0aAkB1BwMHvXO5yOiKPKtR8TmG43WOnXKE9pOlZD+LdUlcgWiqc9Ca9lfTrKY4kgj/Kqw8P6X/z7pn6VKlbc6oWseL3moalqcuXjSEjnnOaiaHUJQBNdSFfRTivX73RtPT5YrdM1mXemRJHmKGMsByDS5vItTRwmnaD9qikuIiHMZ+dJAT+NaMMQQgR7Rxx/n0rf03y4hJd6eVV4uZosY4+netKTT4LqzHiKC3fyWTe1sEP3h3HtWkRyqK3KV/A+pN4d8RQszMlvc/u5lLcBj0P4V9DWzCSPepBU4II7ivnyPTxeSRxs6+dJFu24+4Tk/nXsHw6upbvwtZtcMWuEBjkz6g16uDqSvynh4uCWp1Q4WlPSkX7tLXqI84aTheTxXnPxZ8SS6VobW1iw/tK6PlQJ3Oe/wCFdtrd9FYafJcXEgjjQZLGvJPBFrL4u8Sy6/qCl7S3Yx2iN068nFQzroQ6s7L4X+G10Hw3bCUFrx13SyE8knmu4jXCjB49KiiTagA468CpYgQo/WlHQzqSu2PAxRRRVmAUUUUwCiiigAooooAKKKKACiiigAoNFB6UgGMNynvXmfxb8PSyW8esacduoWhDKV6kDtXpvQVFcxLPGUkAZW4wanobUp8jOM+H3imLxBpKzOds4AWRG+8G75rtFIKjtXi3irT7rwN4nbXdNRm0qQ4u4APuZ6MPWvV/D2qW2rabFcwOGR1BBBpJ2OivTVuZGqegqOVwASwzinkgDrxXM+PNQOnaDNMsnlkjBb0HelOdotnPThd2MvXPFMzzT22kLG/lna9w3CL9K5aUjUX36m89wynG+Rtq4+lZEeqR8eXGwtyMqre/8R9ee1QXV9cXt4LaBZJXDBSsS4Q8eteFiK1Wd1E9ylg6dOKlM6WXVrO1wLc52jAAH9azL7W5pgQCARznPT8ahtPCut3rJtgWBT/z05rdsPhi0rB9T1GeX/YjO1fpxXNHC1p6nT9YoUkcZeXyly8k5ZvRXyfyqs0l80sPlwPGHb5JZV2qD/X6V7VpfgvSbFV22MJcdGK5P61qT6JbTweTPAjR+hWuull8t5HNUzWN/dPLNE8LjL3F/Mb2Zh1I+VfoO1SXPgjS5LhbkRtDMhyGjOCDXb3PguFl22lxc2o4/wBUelUm8P65YOwt7iC/XPAmG1hXdDCqO5jLMJSRirDqPlGJbmK4AI2hxgjFUp7PVLa6S50+3j80nbMA3BH0rauItYjfEunFvUxyAYp8V3coAJNOuwB/sZrf2aSsiPbQerZBpuvRzTm1uFMF2OPLl43fjW0jhjlcMB7Vz2qJZXp3XNpd5A6CHBz67u34VgKdW02UvpT394g6w3MeB+B61DixSqR7npEYBxkL7ZHSlhs7ZXJEKDPXGRXKWHiW9RR/aehXtue+BuGPWtGHxjoRbbJdtA3dZoytaLQzcovqb/lkcYbb6A0w2ULnc0WWP94mqMXifRm+7fwk+xpbjxXoUKgy38P4c1ZnLluUdchEK5iyg9F4rMQgkDuOhq5d+ItI1NXjsZJ7l15BjiJFUbTTtXvGcW1kY17NcHaT9Mf1pPY7aVWlBallHCcs2CvOTSx6i9zcCCzhaZiQCedtauneDm3LNqk7zuv8ONqj2966nT7CG0H7qJV+gAqEm9zGrik9jB0nw4ZP9I1k+dNuyg6Kv+NdOibUCjOPpUoXqc0oXitEjzZSuyMDIqRaCOKcp7Vo0S3cXqeaWjFFUlYkOgo70UUAB5ooooEBFGM/Sg0ooGtwKgHiig9aTvTGxG9T0rh/iJHJG1pdtkwRSfPtH3VPcntXbEndjFV7y2juoXhnUNFINrD1Fc1aHOi4OzPNNS1rybqyjtU3+fhYU6hh3NW9ZQRWpFuqiNW+dF5+bH8qw73w7d+H/F8d/M7Ppsav5LAZZCeikelacN3slYAEbiQw65zXjV4Si7M9GlPm0J9Flc6ftmZTJztB6gelVMndwRnuaQkFkABwBgUAlW6HHauKUjtghrEcEUhY54NIDktkZpp4J7e1QXYq3CBnYnrVU24lOAwUnIG7+L2FXpz5YLgqOM5bp71z6xP4hvR5UjW2lWr7mm/ikPtWkNWLoRaBpFzd63Jd3KtZ6fbArISObg9hj0967KzlisrcaiWAssFIIAME59qf9lg8QwRRJPNF9kJJVB14rHubr+1p5rGGNj5OFiixhlYd/SuyNPsckqj1C20xofFP9oWzCaymQyknkxsBypPpXe/DdP8AiQmZR+7mlZ07cZ4NYNnod+mkyadBKfMnXM0hX7i+g967zR7JNP02C1i4SJQi16OFg47nFVmp6Gip4qOaURxlyQMUbsL94V5z8TfFUlhAmmacobUbw7IkHJAPG44ruuYU6bkznfHOrz+L/EMPhrTHYWXBvJU6gZ+6DXp3hzRoNGsIrS3XbHENo46+9c98NPCI0HTWluhvv5z5k0pBJYn3NdyAT/KkkdFSorciJEGD0p+KYBxmpD0FWjjeolFFFMkKKKKACiiigAooooAKKKKACiiigAooooAKaffpTqD0pNDMnXNNj1Oylt5lDrIpXBryTRL26+HviIaXf7jpF0/+jyHkRN3Fe2su4VzfjLwzbeINLlt7hQcqdrf3T6j3rNxvqdVKorcsjdguYri2WSNlZW5BU5zXIfFWB7jwpP5SFyCpIA5A9a4zwJr194Z1Y+HPEBYouBb3DcB17V648UV3Btb5ozx14IpSjdWG4+zfNE8q8H+ETfxxXF5uER5RBxu9TXpdlotnYoqQQRoBzgLVu2gjto0jhQIijAFTlskc1lTw0Y3bCeKnUVmLFGicKuPpUmPwpwHApw5reKS0RzOVxqfexmnHqaKDVNXFzaDTxzTWXd94ZHvUgIHBPNIealod9CJkXcDt5pNq7iSAfqKmHFOGCOQKpa6Be5XECAZCrn6ULGu4HaAcdhVjuaTIqGO5X8lWyNgx9KqS6TZXBYTWkD567kH+FaZx2ozTsHMYA8LaOTk6dAD7IOafH4b0qL7mnW34xg1uZoB9s0rBzXKFvp1ta5MEEUef7qip1Tb93jNWB935uKMAChhcYpO3pSZ+lS5G00EcVW6EMVcHP9acelOxTaaFIa3ahRzTqKdhBRR3opiCiiigAooooAKKKKACiiigBCMnimEc1J3pq9TU9SkyndwR3ClJUV1PBzXDat4Xu4JGl09keM8+X0Yf7tehlcmmOgyK5q1FVDanV5NTyKSeS0/4+ba6THGTGcCnLqNpKwRLuIk84LYIr1SS2SYkOu4e9Zs/hvS7j/WWUJJ6naM1wvL7nbHGuxwTTIej7/xFN8xe5UD3Irtj4M0lhzb8DoA2MUz/AIQjSO9tn2LGp/s1j+vHnWpxQXZRJr2OO3U5dd3WsPWNeitxHYaNGZtvygwjIQd+3WvZY/BujJwLKM98EZrQttDsbbAt7WGMDn5YwDVQy9xdweOVrHlnhptYBgihsp1UHczOuN31rttM0W5F5JcyxJAXAyF5Jrq1gToM8U/YFU4PFddPDRTOade5XtYkjjIGcnqasgYViO1Jg4yorH8Ra3b6Jpc91dSKoVT1OM10tKJhHmk7WMzxt4rtPD2kXE8pzLjbFGPvMx9Pxrk/h94Xur/VD4j10M17NzEpPESHsB61Q8OaZeeOdfXW9VQxWEbZtrdh6fxGvZbaFIoUSMABRgUoq50zlGlHljux6oqIu0HgYqRMFeelNHUU+tUcbmKAvag0lFAuYKKKKZIUUUUAFFFFABRRRQAUUUUAFFFFABRRRQAUGiigAIyKY4G0+lPo6ik0NM4rx34Rtdf01kOYrmMZjmT7yHsa5XwH4uu7DUl8N+JMx3kSkRzYwsq9Bg16y6gDnOO9cP4/8Gw65YBx8l1D80UiDDA9qlo6YVOdcrO0ikEqBh3wc5p5xuXFeTeC/GVxYasug+JWEV8nyxyHIEo9c16vG6uFKsCD3BpX0Jq03GxYpRTT1FOFNXuYNBRRRViCiiigAooooAKcBxTaKBp2HYpDSUUA3cKB1oopCQUp+8KSjNA72FX7o9aTvRmigL3CiiimJhRRRQAUUUUAFFFFABRRRQAUUUUAFFFFABRRRQA0jqab161J3pCuaBpkW0etGwdc0/B9DSqPmANKxVxoGBSml6N04pTyQanYQwDB4zTlHXcDTl/rSZGen6UJjsG0DpTSPlp2f84rH8S6ta6Ppkt1dzpFGgz8xxSY1FydkP1rU4NIspbq7fbEik7ia8fsLTUPiLq4vtQV4dBhkzDE3/LUg9T7UWqar8R75Zbh5bbw/EcrF0aX/ab2r2HS9OgsrOOG3QRomAAB7VDOqKVGN3uO06zitLWKOFQAi4GPSr6qWXnFGCACOlPi6VpA5ZNt3FRSBz1oX7g+tPpD0NUDG0UUUzMKKKKACiiigAooooAKKKKACiiigAooooAKKKKACiiigAoooNACN0pkqgpgipBSEZpNXGmcT478IWviCxYMgiuV5jkA+ZT65rj/AAv4sv8Aw3qEWj+KN2C2yG7bow7c17I6ZHPeuY8WeGLHW7GS3uYVdW6HHzD6elZtHZSqp+7M37W5huArxSo3H8J61aHPWvCtP1HWvh5fC31JGudCLfJORlo19GNew6NrFnrVlFc2U0bxMuQQwpoirRtrHY1cUVGrHqaeOpqkzmcRaKKKoQUUUUAFFFFABRRRQAUUUUAFFFFABRRRQAUUUUAFFFFABRRRQAUUUUAFFFFABRRRQAUUUUAFFFFABRRRQAUUUUAFFFGQO4oASmswAJPakd1XO5sVwPjrxxb6KPs1ni7v3IVIIzk57E1mzWnSc9ja8X+JbTw7pr3d1OijoFz1bsK820rTNW+ImoLfa2kttpUTborc8byO5q94c8HX2v36at4u/eMG3Q25OUj98dz9a9WtYEtohHGuFAx2pbnTGUaUbdSDSNOhsrVYo02qBgACr6pxgdaWI5WpBTsc0pNvUYqnpT0Ur1pQDS4pXaCyGk0UppKuJEgoooqiQooooAKKKKACiiigAooooAKKKKACiiigAooooAKKKKACiiigAooooAD2pknzcAc089qb0JNSxp2MzVNOgv7SSC5iR42GMMM5ryPUvCWs+CLo6n4WeS5tS2+ayYnGM87a9tdSSMU2RdybSBSsdFOs1ocR4R8eabraiOVzbXgOGgkGGB9K7aGZXXK5Oa888a/D6DV5xdWDmzvUbcssXGTnofUVhWHi/VfCdytl40g8tM7Y7mIEo3PBPpSZcoxqfAezK24ZpaytI1mx1SBJrSdZFIyCtaYbPOQR7VSehzzpyjuOoozRVGYUUUUAFFFFABRRRQAUUUUAFFFFABRRRQAUUUUAFFFFABRRRQAUUUUAFFFFABRRRQAUUtGKAEooPHWg0mAUhIGSTSLkc9qjeRFYbiMH3qb3LUWx4Ibpniqt5e29rC8k8qxpGCWZj0rkvF3j7SvD/wAjzb7gkbIIxuZz9K4ZNN8TeOrvzdSeSx0nOUhXIaQf7VJm8KD3kX/Evjy61u8l0Xwgkk0h+SS7H3EFbPgT4d22jyC81J/tuoyfM8z87T/sg10fhXwxY6FZxwWdssaIM8j5ifUmuij7nqRSRU6kVpAZHH5fCrTkxtGakwcZoCDPTFOxgp9xIlytSUiDaMUtVEhig46UFqTFGKXKHMwzmiiiqJbuFFFFMAooooAKKKKACiiigAooooAKKKKACiiigAooooAKKKKACiiigAooooAKKKKAEbqKbTmGaNtJjRCV+bOT+dZ2s6NaaxCY7yCOVDkYfmtYgbhmkAx3xSNIya1R4vfeBtZ8K3pu/B1wzQhtxtJTlSPQelbXh/4jQmdbLXYjYX6nDK4wpPse9ekzJkEe/WsHxB4S0zXoHTULcSEg4bgEfj1FQ1Y6PbRmrSNm21CC4UPC6urdGByKtLJk4614rP4b8T+DZGl8O3f2yxHItJjyPoa2tB+KVnJcLba3BLp92uNwlUhSfY0Jkyoq10epg0E81QstTt7xFe3kSRGGQUORVvcCeKtM5+VklFIOgpc8UyLBRS4pKYBRRRmgAooooAKKKKACiiigAooooAKKKXBoASilPFJmkAUUDmigAooo70XGkwzRmkJIPTIqIyqGO5gKVylFvYkZgDzUbzpHnd+lYPiDxbpeixlr26hRgCdpb5j9K87uvHGs+JHaDwtprLG3AupmwB9Bip5jaGHb1Z6L4g8Uado8HmXVwqLnkE8mvONU8Xa/4smNr4VtGgtX+R7qdePqB3q9oHwyEtz9v8S3cuoXxHAZvkX8K9J0/TLW1REgjVEUY2qMCpZspQp6dThPCHwzt9MmF9qRN3qT/wCsnlO4/h6fSvRLeARLtUA4H0qZBgnAp6461RzzqSloQ7T3PNKAVOVqXFJtyfQU0jNMVfuGl7UDgAUGqQpBRRRTJCiiigAooooAKKKKACiiigAooooAKKKKACiiigAooooAKKKKACiiigAooooAKKKKACiiigAooooAKKKKAAikwTmlpQcUrDQzYT2prpzzwamyKawBpNFaFaWFZCMgE1h6/wCFdN1mHy7+2ilHUEjkfSuj2/MO9Iy7m44o0ZaquOx47P8AD/WNClafwvqsqIp3LbyksufSi2+I+taJcLD4o0W4ijHBuIEyv1NevmP5ueRUE+nw3P8Aro0cf3SMg/XNQ4mvt01Zo5zQPHeiawq/ZL+Fmb+Athh9Qa6eC5SVd0bBh6g5ridc+G2jX0jywW5tZz/y0gOw5/Cuck8O+MtADnRtTW5hByIrgZJ9s0m2VyQmtGexDNNJOK8gXx34i0soniHRphk8vbnetblj8UPD8pWOa8+yykfdmUjmnzGbo2PQwcjml3CsWx8RWF4P9Hu4ZT6RturShnSQZB4q00Zuk10LIOaKj+nP405c/Si5DVh1FFH5VRNgooooCwUUE460UgFHWnU0cHNKT0NFy4oRzxTCSCMd6SSVBnJ4Aqrc3sMWMuMYzmpbRSg2y5u4qMuc4xzXMap430XT0LXF/AADg4bNcnqHxVs3kaPRre7v36ZijOPzNJs0WHkz1R32j5uMVRv9XtbFN9zKI1xnJPFeV/2p8QNfYGysotPhPR5jliPpV63+HM+pMj+J9RurtlO7aH2qT9Km5p7GEfiZa1/4t6NYSNb2LSX15/DFbruOawBfeNvGGFtYI9JtG48xuZMV6No3hHR9KAFlZwxEfxbfmP41upbxRP8AIMCjVg5wh8J51oHwtsrZ/P1SaW+uyclpm3AfQV3enabb2ibYo0UD0FXzjtxmmhcZxk0ctjJ1ZSEABPy1IE4HOMU1F55qanYyuNC4JoFOxRiq5SWwoooqxBRRRQAUUUUAFFFFABRRRQAUUUUAFFFFABRRRQAUUUUAFFFFABRRRQAUUUUAFFFFABRRRQAUUUUAFFFFABRRRQAUUUUAFFFFABRRRQAUUUUgExzmlHJopRxTHcaQWPFNZQ2QwyPepF4pDzUtFNoqTWkMqFHT5e4FYuoeDtC1CPZdafBJnuRg/nXR+/4U3AzmocS1NrZnnFx8K9FBZ7Brqxc/8+8zLWaPBfifT2A0nxLOkC9Ip135/GvWAuQfamgBuw/Kq5TVVpLc8oik+ImnqUKWF9GDneAVY1I3jDxdZgC78PeYP70T5r1MBSvzD8qaYom6r29qTVinVj1R5aPiheQ/8f2h38QHGQhNTJ8WbKNP9Is9QVuvEBNelGyt34aMEe4ph0+0KZMKntyBUu7Fz03ujzz/AIW7pQXJttT/APAZqb/wuDSSP+PbUB/26tXoi2FmB/qV9OlO/s20xnyU/wC+aTpyfUOam9kecH4waT/z7aif+3VqRvizaSDNtp2ovnpmArXo5sLQLkQr/wB80GxtUxiFfyo5Gt2S5Ul0PMX+IWs3QAsfDd8x7MzbRUaeI/HVw5EGiW8Qxx5z16ultD1CCpPITrjJpqLH7aC2R5FJZ/EHVD+/vbexU9ol3Yq7F8OLi8ZW1nXdTuTjDCOXy1P4CvUDGAOBTdo4I4Bp2F7f+VHC6X8L/DtnOJWshMwOQZWLH8a6q10LT7RMQW0cQz0Va0wMGnkZpqJDrSvuVwiIFVRjtT2XJxxinOuOwPNJnuaOUlybe4irhwD0qU8nAOKjJy4xT8ZpoTAjJ+lG2lAIFLVEXEC0tFFFgCiiimIKKKKACiiigAooooAKKKKACiiigAooooAKKKKACiiigAooooAKKKKAP//Z\" style=\"max-width: 100%;\"></div>',3,4,5,'wee',1587990980,1587990980),(16,'阿森松岛','<p>请输入内容</p>',2,0,-1,'色丁带多',1588076415,1588076415),(17,'555','<p>请输入内容</p>',1,1,-5,'色丁带多',1588076434,1588076434),(18,'klklkl','<p>请输入内容</p>',4,23,3,'',1588076440,1588076440),(19,'we','<p>请输入内容</p>',2,1,1,'js,css',1588421357,1588421357);
/*!40000 ALTER TABLE `problem` ENABLE KEYS */;
UNLOCK TABLES;

--
-- Table structure for table `problem_user_mapping`
--

DROP TABLE IF EXISTS `problem_user_mapping`;
/*!40101 SET @saved_cs_client     = @@character_set_client */;
/*!40101 SET character_set_client = utf8 */;
CREATE TABLE `problem_user_mapping` (
  `id` int(11) NOT NULL AUTO_INCREMENT,
  `problem_id` int(11) NOT NULL,
  `user_id` int(11) NOT NULL,
  `love` int(11) NOT NULL,
  `good` int(11) NOT NULL,
  `ctime` int(11) NOT NULL,
  `utime` int(11) NOT NULL,
  PRIMARY KEY (`id`),
  KEY `idx_user_id` (`user_id`),
  KEY `idx_problem_id` (`problem_id`)
) ENGINE=InnoDB AUTO_INCREMENT=50 DEFAULT CHARSET=utf8;
/*!40101 SET character_set_client = @saved_cs_client */;

--
-- Dumping data for table `problem_user_mapping`
--

LOCK TABLES `problem_user_mapping` WRITE;
/*!40000 ALTER TABLE `problem_user_mapping` DISABLE KEYS */;
INSERT INTO `problem_user_mapping` VALUES (1,11,3,0,0,1588079217,1588417282),(2,12,3,0,1,1588079389,1588079389),(3,13,3,1,0,1588079394,1588079394),(4,14,3,0,1,1588079397,1588079397),(5,15,3,1,0,1588079398,1588079398),(6,16,3,0,1,1588079399,1588079399),(7,17,3,1,0,1588079399,1588079399),(43,19,3,0,1,1588425241,1588658253),(44,18,3,1,0,1588425755,1588430687),(45,6,3,1,1,1588479004,1588479006),(46,5,3,1,0,1588479008,1588479037),(47,4,3,1,0,1588479028,1588479034),(48,18,7,0,1,1590564187,1590564187),(49,15,7,1,0,1590564189,1590564189);
/*!40000 ALTER TABLE `problem_user_mapping` ENABLE KEYS */;
UNLOCK TABLES;

--
-- Table structure for table `shop`
--

DROP TABLE IF EXISTS `shop`;
/*!40101 SET @saved_cs_client     = @@character_set_client */;
/*!40101 SET character_set_client = utf8 */;
CREATE TABLE `shop` (
  `id` int(11) NOT NULL AUTO_INCREMENT,
  `user_id` int(11) NOT NULL,
  `shop_tag_name` varchar(128) NOT NULL,
  `shop_content` varchar(256) NOT NULL,
  `ctime` int(11) NOT NULL,
  `utime` int(11) NOT NULL,
  PRIMARY KEY (`id`),
  KEY `idx_user_id` (`user_id`)
) ENGINE=InnoDB AUTO_INCREMENT=20 DEFAULT CHARSET=utf8;
/*!40101 SET character_set_client = @saved_cs_client */;

--
-- Dumping data for table `shop`
--

LOCK TABLES `shop` WRITE;
/*!40000 ALTER TABLE `shop` DISABLE KEYS */;
INSERT INTO `shop` VALUES (7,7,'测试','17,',1589807520,1589807520),(8,7,'测试2','',1589808483,1589808483),(9,7,'测试3','',1589808564,1589808564),(10,7,'测试3','',1589808585,1589808585),(11,7,'111','17,18,19,12,13,14,',1589808747,1589808747),(12,7,'111','',1589808765,1589808765),(13,7,'111','',1589809268,1589809268),(14,7,'111','',1589809316,1589809316),(15,7,'111','',1589809462,1589809462),(16,7,'111','',1589809663,1589809663),(17,7,'222','',1589810347,1589810347),(18,7,'222','',1589810711,1589810711),(19,7,'222','',1589810734,1589810734);
/*!40000 ALTER TABLE `shop` ENABLE KEYS */;
UNLOCK TABLES;

--
-- Table structure for table `shop_user_mapping`
--

DROP TABLE IF EXISTS `shop_user_mapping`;
/*!40101 SET @saved_cs_client     = @@character_set_client */;
/*!40101 SET character_set_client = utf8 */;
CREATE TABLE `shop_user_mapping` (
  `id` int(11) NOT NULL AUTO_INCREMENT,
  `shop_id` int(11) NOT NULL,
  `user_id` int(11) NOT NULL,
  `ctime` int(11) NOT NULL,
  `utime` int(11) NOT NULL,
  PRIMARY KEY (`id`),
  KEY `idx_shop_id` (`shop_id`),
  KEY `idx_user_id` (`user_id`)
) ENGINE=InnoDB AUTO_INCREMENT=20 DEFAULT CHARSET=utf8;
/*!40101 SET character_set_client = @saved_cs_client */;

--
-- Dumping data for table `shop_user_mapping`
--

LOCK TABLES `shop_user_mapping` WRITE;
/*!40000 ALTER TABLE `shop_user_mapping` DISABLE KEYS */;
INSERT INTO `shop_user_mapping` VALUES (7,7,7,1589807520,1589807520),(8,8,7,1589808483,1589808483),(9,9,7,1589808564,1589808564),(10,10,7,1589808585,1589808585),(11,11,7,1589808747,1589808747),(12,12,7,1589808765,1589808765),(13,13,7,1589809268,1589809268),(14,14,7,1589809316,1589809316),(15,15,7,1589809462,1589809462),(16,16,7,1589809663,1589809663),(17,17,7,1589810347,1589810347),(18,18,7,1589810711,1589810711),(19,19,7,1589810734,1589810734);
/*!40000 ALTER TABLE `shop_user_mapping` ENABLE KEYS */;
UNLOCK TABLES;

--
-- Table structure for table `tag_problem_mapping`
--

DROP TABLE IF EXISTS `tag_problem_mapping`;
/*!40101 SET @saved_cs_client     = @@character_set_client */;
/*!40101 SET character_set_client = utf8 */;
CREATE TABLE `tag_problem_mapping` (
  `id` int(11) NOT NULL AUTO_INCREMENT,
  `problem_id` int(11) NOT NULL,
  `tag_id` int(11) NOT NULL,
  `ctime` int(11) NOT NULL,
  `utime` int(11) NOT NULL,
  PRIMARY KEY (`id`),
  KEY `idx_problem_id` (`problem_id`),
  KEY `idx_tag_id` (`tag_id`)
) ENGINE=InnoDB AUTO_INCREMENT=14 DEFAULT CHARSET=utf8;
/*!40101 SET character_set_client = @saved_cs_client */;

--
-- Dumping data for table `tag_problem_mapping`
--

LOCK TABLES `tag_problem_mapping` WRITE;
/*!40000 ALTER TABLE `tag_problem_mapping` DISABLE KEYS */;
INSERT INTO `tag_problem_mapping` VALUES (1,4,1,1587472339,1587472339),(2,6,2,1587473547,1587473547),(3,7,2,1587473561,1587473561),(4,10,3,1587984868,1587984868),(5,11,3,1587984874,1587984874),(6,13,5,1587989206,1587989206),(7,14,6,1587990956,1587990956),(8,15,6,1587990980,1587990980),(9,16,7,1588076415,1588076415),(10,17,7,1588076434,1588076434),(11,18,3,1588076440,1588076440),(12,19,1,1588421357,1588421357),(13,19,8,1588421357,1588421357);
/*!40000 ALTER TABLE `tag_problem_mapping` ENABLE KEYS */;
UNLOCK TABLES;

--
-- Table structure for table `tags`
--

DROP TABLE IF EXISTS `tags`;
/*!40101 SET @saved_cs_client     = @@character_set_client */;
/*!40101 SET character_set_client = utf8 */;
CREATE TABLE `tags` (
  `id` int(11) NOT NULL AUTO_INCREMENT,
  `tag` varchar(128) NOT NULL,
  `ctime` int(11) NOT NULL,
  `utime` int(11) NOT NULL,
  PRIMARY KEY (`id`),
  UNIQUE KEY `uq_tag` (`tag`)
) ENGINE=InnoDB AUTO_INCREMENT=9 DEFAULT CHARSET=utf8;
/*!40101 SET character_set_client = @saved_cs_client */;

--
-- Dumping data for table `tags`
--

LOCK TABLES `tags` WRITE;
/*!40000 ALTER TABLE `tags` DISABLE KEYS */;
INSERT INTO `tags` VALUES (1,'css',1587472286,1587472286),(2,'jssss',1587473485,1587473485),(5,'weee',1587989165,1587989165),(6,'wee',1587990956,1587990956),(7,'色丁带多',1588076415,1588076415),(8,'js',1588421357,1588421357);
/*!40000 ALTER TABLE `tags` ENABLE KEYS */;
UNLOCK TABLES;

--
-- Table structure for table `user`
--

DROP TABLE IF EXISTS `user`;
/*!40101 SET @saved_cs_client     = @@character_set_client */;
/*!40101 SET character_set_client = utf8 */;
CREATE TABLE `user` (
  `id` int(11) NOT NULL AUTO_INCREMENT,
  `user_name` varchar(256) NOT NULL,
  `user_password` varchar(256) NOT NULL,
  `photo` varchar(256) NOT NULL,
  `shop_tags_name` varchar(128) NOT NULL,
  `shopping` varchar(256) NOT NULL,
  `ctime` int(11) NOT NULL,
  `utime` int(11) NOT NULL,
  PRIMARY KEY (`id`),
  UNIQUE KEY `uq_user_name` (`user_name`)
) ENGINE=InnoDB AUTO_INCREMENT=8 DEFAULT CHARSET=utf8;
/*!40101 SET character_set_client = @saved_cs_client */;

--
-- Dumping data for table `user`
--

LOCK TABLES `user` WRITE;
/*!40000 ALTER TABLE `user` DISABLE KEYS */;
INSERT INTO `user` VALUES (3,'user01','545455','/upload/1588768104964.jpg','','',1587464429,1588768105),(5,'qqq1222','123456','','','',1588077122,1588077122),(6,'user02','123456789','','','',1588684999,1588684999),(7,'user03','123456','','测试,测试2,测试3,测试3,111,111,111,111,111,222','',1589284546,1590564119);
/*!40000 ALTER TABLE `user` ENABLE KEYS */;
UNLOCK TABLES;
/*!40103 SET TIME_ZONE=@OLD_TIME_ZONE */;

/*!40101 SET SQL_MODE=@OLD_SQL_MODE */;
/*!40014 SET FOREIGN_KEY_CHECKS=@OLD_FOREIGN_KEY_CHECKS */;
/*!40014 SET UNIQUE_CHECKS=@OLD_UNIQUE_CHECKS */;
/*!40101 SET CHARACTER_SET_CLIENT=@OLD_CHARACTER_SET_CLIENT */;
/*!40101 SET CHARACTER_SET_RESULTS=@OLD_CHARACTER_SET_RESULTS */;
/*!40101 SET COLLATION_CONNECTION=@OLD_COLLATION_CONNECTION */;
/*!40111 SET SQL_NOTES=@OLD_SQL_NOTES */;

-- Dump completed on 2020-07-31 20:01:48
